Country,Card_Type,Device_Type,Month,Total_Transactions,Fraudulent_Transactions,Total_Amount,Fraud_Loss
Australia,Credit,Mobile,2024-01,247,2,35632.51,412.49
Australia,Credit,Mobile,2024-02,243,4,36220.07,837.33
Australia,Credit,Mobile,2024-03,219,3,28846.06,528.53
Australia,Credit,Mobile,2024-04,254,5,33694.06,656.32
Australia,Credit,Mobile,2024-05,256,2,34334.0,205.16
Australia,Credit,Mobile,2024-06,250,2,36179.87,77.25
Australia,Credit,Mobile,2024-07,275,5,40949.8,767.36
Australia,Credit,Mobile,2024-08,254,6,34127.59,488.11
Australia,Credit,Mobile,2024-09,268,3,35736.05,216.43
Australia,Credit,Mobile,2024-10,271,1,38561.78,584.42
Australia,Credit,Mobile,2024-11,254,4,36244.21,792.64
Australia,Credit,Mobile,2024-12,255,3,34292.09,266.95
Australia,Credit,Mobile,2025-01,237,5,34924.82,591.14
Australia,Credit,Mobile,2025-02,225,3,29358.81,353.53
Australia,Credit,Mobile,2025-03,257,8,37217.65,994.63
Australia,Credit,Mobile,2025-04,259,5,37000.79,845.68
Australia,Credit,Mobile,2025-05,256,4,39318.24,1559.73
Australia,Credit,Mobile,2025-06,273,5,40292.16,434.13
Australia,Credit,Mobile,2025-07,273,3,37840.48,283.34
Australia,Credit,Mobile,2025-08,226,6,31614.8,424.25
Australia,Credit,Mobile,2025-09,251,3,36437.28,397.73
Australia,Credit,Terminal,2024-01,247,3,34368.32,399.98
Australia,Credit,Terminal,2024-02,261,4,39224.6,672.0799999999999
Australia,Credit,Terminal,2024-03,259,7,38399.62,1257.03
Australia,Credit,Terminal,2024-04,236,3,33078.43,245.76999999999998
Australia,Credit,Terminal,2024-05,240,5,33189.31,572.12
Australia,Credit,Terminal,2024-06,267,4,36231.11,1074.67
Australia,Credit,Terminal,2024-07,259,1,35089.03,255.77
Australia,Credit,Terminal,2024-08,263,6,34899.04,793.68
Australia,Credit,Terminal,2024-09,249,10,35297.09,934.89
Australia,Credit,Terminal,2024-10,252,3,36508.92,450.98999999999995
Australia,Credit,Terminal,2024-11,210,6,29350.79,587.9
Australia,Credit,Terminal,2024-12,248,6,33723.63,630.48
Australia,Credit,Terminal,2025-01,236,3,32290.11,444.87
Australia,Credit,Terminal,2025-02,228,5,32916.18,877.47
Australia,Credit,Terminal,2025-03,274,2,40805.49,226.32999999999998
Australia,Credit,Terminal,2025-04,239,4,34884.81,533.48
Australia,Credit,Terminal,2025-05,248,7,38483.42,780.48
Australia,Credit,Terminal,2025-06,227,3,29453.19,338.53
Australia,Credit,Terminal,2025-07,265,2,37474.41,477.99
Australia,Credit,Terminal,2025-08,255,2,36915.63,225.07999999999998
Australia,Credit,Terminal,2025-09,243,10,33520.14,991.03
Australia,Credit,Web,2024-01,287,6,39476.61,582.5
Australia,Credit,Web,2024-02,222,4,35057.99,559.45
Australia,Credit,Web,2024-03,251,1,35689.6,181.19
Australia,Credit,Web,2024-04,236,4,32682.13,211.42999999999998
Australia,Credit,Web,2024-05,274,4,42681.16,406.97
Australia,Credit,Web,2024-06,232,5,32629.52,858.01
Australia,Credit,Web,2024-07,239,2,32767.5,120.98
Australia,Credit,Web,2024-08,237,2,30974.22,202.07
Australia,Credit,Web,2024-09,251,4,36097.51,892.0999999999999
Australia,Credit,Web,2024-10,262,4,36912.57,542.56
Australia,Credit,Web,2024-11,227,2,32816.87,378.4
Australia,Credit,Web,2024-12,252,5,36544.66,632.5699999999999
Australia,Credit,Web,2025-01,264,1,37701.2,213.84
Australia,Credit,Web,2025-02,223,4,30569.57,692.0699999999999
Australia,Credit,Web,2025-03,268,2,39462.63,71.33
Australia,Credit,Web,2025-04,241,1,37272.62,244.76
Australia,Credit,Web,2025-05,258,6,36142.66,724.23
Australia,Credit,Web,2025-06,252,4,34422.96,386.98
Australia,Credit,Web,2025-07,265,3,37380.8,457.13
Australia,Credit,Web,2025-08,262,4,39105.52,537.4499999999999
Australia,Credit,Web,2025-09,215,3,32069.1,544.1700000000001
Australia,Debit,Mobile,2024-01,230,6,33512.46,1196.22
Australia,Debit,Mobile,2024-02,244,2,34618.87,352.93
Australia,Debit,Mobile,2024-03,258,4,38133.85,340.69
Australia,Debit,Mobile,2024-04,262,3,39343.76,535.26
Australia,Debit,Mobile,2024-05,243,4,33176.86,283.6
Australia,Debit,Mobile,2024-06,235,2,33004.62,302.06
Australia,Debit,Mobile,2024-07,254,7,35064.21,1412.56
Australia,Debit,Mobile,2024-08,264,4,37796.08,203.95
Australia,Debit,Mobile,2024-09,244,3,34178.62,308.11
Australia,Debit,Mobile,2024-10,241,5,33417.82,745.63
Australia,Debit,Mobile,2024-11,240,1,35031.54,486.23
Australia,Debit,Mobile,2024-12,235,2,34922.14,737.07
Australia,Debit,Mobile,2025-01,243,3,32818.86,339.36
Australia,Debit,Mobile,2025-02,225,6,31429.2,837.1800000000001
Australia,Debit,Mobile,2025-03,256,5,38998.42,1019.19
Australia,Debit,Mobile,2025-04,220,5,29655.62,443.70000000000005
Australia,Debit,Mobile,2025-05,239,5,40213.34,849.9200000000001
Australia,Debit,Mobile,2025-06,256,4,39023.25,696.17
Australia,Debit,Mobile,2025-07,250,1,39502.32,169.67
Australia,Debit,Mobile,2025-08,250,5,33146.76,333.72
Australia,Debit,Mobile,2025-09,244,4,36580.27,789.72
Australia,Debit,Terminal,2024-01,253,6,36982.72,527.0
Australia,Debit,Terminal,2024-02,252,0,37710.68,0.0
Australia,Debit,Terminal,2024-03,244,2,34940.58,223.97
Australia,Debit,Terminal,2024-04,250,2,31706.74,261.64
Australia,Debit,Terminal,2024-05,272,3,40440.81,728.3299999999999
Australia,Debit,Terminal,2024-06,246,4,32485.16,444.88
Australia,Debit,Terminal,2024-07,252,3,35366.15,392.2
Australia,Debit,Terminal,2024-08,265,5,36209.23,842.79
Australia,Debit,Terminal,2024-09,251,3,38001.45,524.81
Australia,Debit,Terminal,2024-10,280,4,41807.08,1072.31
Australia,Debit,Terminal,2024-11,244,5,34309.24,586.74
Australia,Debit,Terminal,2024-12,266,6,37730.52,836.1400000000001
Australia,Debit,Terminal,2025-01,255,1,35209.62,203.15
Australia,Debit,Terminal,2025-02,243,1,34814.7,193.72
Australia,Debit,Terminal,2025-03,244,5,38726.72,671.87
Australia,Debit,Terminal,2025-04,248,5,36430.02,519.11
Australia,Debit,Terminal,2025-05,227,2,31702.99,305.15999999999997
Australia,Debit,Terminal,2025-06,267,5,37662.0,674.5
Australia,Debit,Terminal,2025-07,260,4,38536.99,567.94
Australia,Debit,Terminal,2025-08,244,4,32448.04,614.52
Australia,Debit,Terminal,2025-09,219,2,30913.34,171.81
Australia,Debit,Web,2024-01,253,4,37987.1,962.13
Australia,Debit,Web,2024-02,241,2,32458.78,169.01
Australia,Debit,Web,2024-03,285,4,39795.27,169.32
Australia,Debit,Web,2024-04,228,2,33936.52,566.9000000000001
Australia,Debit,Web,2024-05,257,0,35017.81,0.0
Australia,Debit,Web,2024-06,243,6,37729.4,977.1
Australia,Debit,Web,2024-07,223,6,30982.23,920.26
Australia,Debit,Web,2024-08,261,3,38672.8,621.67
Australia,Debit,Web,2024-09,254,9,36273.29,969.6899999999999
Australia,Debit,Web,2024-10,243,5,33700.73,759.5
Australia,Debit,Web,2024-11,231,3,33977.24,716.01
Australia,Debit,Web,2024-12,274,1,34790.99,144.89
Australia,Debit,Web,2025-01,230,3,31793.14,200.28
Australia,Debit,Web,2025-02,248,0,39428.73,0.0
Australia,Debit,Web,2025-03,251,2,34687.15,169.93
Australia,Debit,Web,2025-04,249,1,35665.47,23.37
Australia,Debit,Web,2025-05,222,10,32730.64,1225.16
Australia,Debit,Web,2025-06,254,4,37272.39,491.55
Australia,Debit,Web,2025-07,237,4,34328.86,579.3199999999999
Australia,Debit,Web,2025-08,267,6,41238.18,1335.79
Australia,Debit,Web,2025-09,237,3,36258.01,549.14
Australia,Gold,Mobile,2024-01,254,3,39306.83,249.07
Australia,Gold,Mobile,2024-02,259,1,37376.79,123.25
Australia,Gold,Mobile,2024-03,257,3,36060.01,652.16
Australia,Gold,Mobile,2024-04,243,4,35123.98,839.64
Australia,Gold,Mobile,2024-05,267,11,38523.74,1498.65
Australia,Gold,Mobile,2024-06,245,2,35874.14,41.78
Australia,Gold,Mobile,2024-07,274,3,36686.14,365.59000000000003
Australia,Gold,Mobile,2024-08,244,4,35266.21,539.0
Australia,Gold,Mobile,2024-09,229,4,29288.36,381.65999999999997
Australia,Gold,Mobile,2024-10,273,7,36304.08,900.63
Australia,Gold,Mobile,2024-11,243,6,39762.34,889.97
Australia,Gold,Mobile,2024-12,241,3,33133.66,365.0
Australia,Gold,Mobile,2025-01,243,6,34838.92,583.11
Australia,Gold,Mobile,2025-02,232,3,34491.68,391.03
Australia,Gold,Mobile,2025-03,247,6,37673.13,1022.73
Australia,Gold,Mobile,2025-04,245,3,34439.96,396.97
Australia,Gold,Mobile,2025-05,242,3,37125.28,348.06
Australia,Gold,Mobile,2025-06,272,1,38874.53,125.31
Australia,Gold,Mobile,2025-07,285,4,41694.36,423.68
Australia,Gold,Mobile,2025-08,262,2,38877.38,227.85
Australia,Gold,Mobile,2025-09,246,5,34867.09,856.62
Australia,Gold,Terminal,2024-01,264,4,38146.23,333.94
Australia,Gold,Terminal,2024-02,227,5,35390.52,535.06
Australia,Gold,Terminal,2024-03,264,7,37842.82,2071.5
Australia,Gold,Terminal,2024-04,237,3,34431.81,281.33000000000004
Australia,Gold,Terminal,2024-05,271,1,37854.98,327.8
Australia,Gold,Terminal,2024-06,196,3,30649.5,359.6
Australia,Gold,Terminal,2024-07,260,1,36447.409999999996,175.13
Australia,Gold,Terminal,2024-08,267,4,39858.26,585.65
Australia,Gold,Terminal,2024-09,238,4,35089.67,492.63
Australia,Gold,Terminal,2024-10,243,2,34343.06,93.48
Australia,Gold,Terminal,2024-11,225,3,31707.51,273.19
Australia,Gold,Terminal,2024-12,258,3,38676.2,506.3
Australia,Gold,Terminal,2025-01,246,4,40083.46,791.74
Australia,Gold,Terminal,2025-02,212,4,31492.23,469.37
Australia,Gold,Terminal,2025-03,272,3,44595.03,423.08000000000004
Australia,Gold,Terminal,2025-04,245,1,39731.99,169.56
Australia,Gold,Terminal,2025-05,207,3,31079.95,731.6800000000001
Australia,Gold,Terminal,2025-06,232,3,35049.34,400.05999999999995
Australia,Gold,Terminal,2025-07,242,2,38242.92,589.34
Australia,Gold,Terminal,2025-08,270,6,39843.92,536.75
Australia,Gold,Terminal,2025-09,250,5,37385.06,1517.65
Australia,Gold,Web,2024-01,234,5,31832.85,1005.2199999999999
Australia,Gold,Web,2024-02,206,2,27667.56,89.19
Australia,Gold,Web,2024-03,251,7,38103.36,1312.96
Australia,Gold,Web,2024-04,255,3,34314.79,321.11
Australia,Gold,Web,2024-05,276,2,39412.44,652.6099999999999
Australia,Gold,Web,2024-06,227,5,31612.25,587.0999999999999
Australia,Gold,Web,2024-07,258,3,36887.67,467.21
Australia,Gold,Web,2024-08,288,4,42602.19,598.6800000000001
Australia,Gold,Web,2024-09,226,5,32407.08,435.62
Australia,Gold,Web,2024-10,234,4,36016.19,718.0
Australia,Gold,Web,2024-11,242,3,34352.25,578.27
Australia,Gold,Web,2024-12,262,5,35413.46,691.77
Australia,Gold,Web,2025-01,208,4,29950.15,850.9300000000001
Australia,Gold,Web,2025-02,235,5,34672.0,1133.32
Australia,Gold,Web,2025-03,242,5,36025.49,647.55
Australia,Gold,Web,2025-04,231,3,33743.73,143.04
Australia,Gold,Web,2025-05,272,3,40454.61,660.26
Australia,Gold,Web,2025-06,231,8,32320.96,793.52
Australia,Gold,Web,2025-07,241,4,35256.7,578.4499999999999
Australia,Gold,Web,2025-08,256,1,36383.37,67.07
Australia,Gold,Web,2025-09,210,2,28899.99,380.34000000000003
Australia,Platinum,Mobile,2024-01,272,4,41402.159999999996,493.85
Australia,Platinum,Mobile,2024-02,242,2,33316.909999999996,180.03
Australia,Platinum,Mobile,2024-03,238,3,33444.46,533.57
Australia,Platinum,Mobile,2024-04,248,4,37038.56,925.12
Australia,Platinum,Mobile,2024-05,275,5,38893.81,792.7
Australia,Platinum,Mobile,2024-06,240,7,34631.08,990.29
Australia,Platinum,Mobile,2024-07,239,2,33865.43,189.42
Australia,Platinum,Mobile,2024-08,222,5,31732.24,406.58000000000004
Australia,Platinum,Mobile,2024-09,260,3,37609.0,352.58000000000004
Australia,Platinum,Mobile,2024-10,269,2,37683.4,119.79
Australia,Platinum,Mobile,2024-11,228,3,33567.54,263.44
Australia,Platinum,Mobile,2024-12,235,1,30930.54,40.21
Australia,Platinum,Mobile,2025-01,263,4,36632.91,424.44
Australia,Platinum,Mobile,2025-02,215,1,28533.48,136.3
Australia,Platinum,Mobile,2025-03,256,3,37481.06,361.19
Australia,Platinum,Mobile,2025-04,262,3,38912.23,371.96000000000004
Australia,Platinum,Mobile,2025-05,250,1,34214.84,121.65
Australia,Platinum,Mobile,2025-06,255,3,37721.79,363.25
Australia,Platinum,Mobile,2025-07,251,4,39617.8,563.6700000000001
Australia,Platinum,Mobile,2025-08,240,1,35790.94,212.39
Australia,Platinum,Mobile,2025-09,275,2,39965.76,853.37
Australia,Platinum,Terminal,2024-01,254,5,34913.52,835.76
Australia,Platinum,Terminal,2024-02,260,4,43792.23,506.08
Australia,Platinum,Terminal,2024-03,264,4,39025.01,633.24
Australia,Platinum,Terminal,2024-04,263,7,41295.05,859.79
Australia,Platinum,Terminal,2024-05,247,4,34171.48,360.6
Australia,Platinum,Terminal,2024-06,234,7,36476.91,1137.18
Australia,Platinum,Terminal,2024-07,259,2,39171.06,121.52999999999999
Australia,Platinum,Terminal,2024-08,243,4,36280.25,1210.45
Australia,Platinum,Terminal,2024-09,261,2,39227.1,425.72
Australia,Platinum,Terminal,2024-10,277,3,38376.87,333.55
Australia,Platinum,Terminal,2024-11,259,3,39285.46,441.79999999999995
Australia,Platinum,Terminal,2024-12,280,2,41276.590000000004,176.76
Australia,Platinum,Terminal,2025-01,247,5,37077.86,1099.88
Australia,Platinum,Terminal,2025-02,215,3,29631.61,258.51
Australia,Platinum,Terminal,2025-03,230,6,34222.08,731.6
Australia,Platinum,Terminal,2025-04,214,3,27680.69,360.82
Australia,Platinum,Terminal,2025-05,251,2,39059.31,607.0899999999999
Australia,Platinum,Terminal,2025-06,248,6,35667.37,1017.62
Australia,Platinum,Terminal,2025-07,283,5,43095.95,898.1500000000001
Australia,Platinum,Terminal,2025-08,252,4,39478.21,827.85
Australia,Platinum,Terminal,2025-09,267,1,40274.12,98.37
Australia,Platinum,Web,2024-01,274,3,36594.28,398.92
Australia,Platinum,Web,2024-02,202,2,29060.87,395.25
Australia,Platinum,Web,2024-03,266,2,38955.83,236.76999999999998
Australia,Platinum,Web,2024-04,248,5,36948.81,1266.03
Australia,Platinum,Web,2024-05,238,2,33976.0,236.08
Australia,Platinum,Web,2024-06,243,6,34662.87,1530.92
Australia,Platinum,Web,2024-07,242,5,34008.18,626.86
Australia,Platinum,Web,2024-08,278,5,40660.15,648.76
Australia,Platinum,Web,2024-09,228,2,32348.8,163.6
Australia,Platinum,Web,2024-10,242,3,37445.28,480.82000000000005
Australia,Platinum,Web,2024-11,259,3,35176.340000000004,296.41999999999996
Australia,Platinum,Web,2024-12,262,2,34474.62,95.06
Australia,Platinum,Web,2025-01,253,2,36822.57,836.83
Australia,Platinum,Web,2025-02,204,4,28573.78,633.21
Australia,Platinum,Web,2025-03,275,4,39389.54,212.05
Australia,Platinum,Web,2025-04,247,2,36238.39,412.49
Australia,Platinum,Web,2025-05,261,4,38732.44,394.77
Australia,Platinum,Web,2025-06,214,4,30992.9,349.76
Australia,Platinum,Web,2025-07,261,2,36962.28,264.34000000000003
Australia,Platinum,Web,2025-08,242,3,34346.73,618.89
Australia,Platinum,Web,2025-09,226,1,32744.170000000002,66.61
Canada,Credit,Mobile,2024-01,263,4,38910.57,652.19
Canada,Credit,Mobile,2024-02,254,3,40505.92,192.04999999999998
Canada,Credit,Mobile,2024-03,265,7,38898.26,776.83
Canada,Credit,Mobile,2024-04,246,3,38420.36,326.23
Canada,Credit,Mobile,2024-05,248,4,34115.29,486.93
Canada,Credit,Mobile,2024-06,257,3,38134.36,1049.3
Canada,Credit,Mobile,2024-07,263,3,38075.13,103.47
Canada,Credit,Mobile,2024-08,256,1,37699.88,73.75
Canada,Credit,Mobile,2024-09,241,5,35561.99,705.77
Canada,Credit,Mobile,2024-10,280,4,41508.57,282.58
Canada,Credit,Mobile,2024-11,248,5,37858.73,671.02
Canada,Credit,Mobile,2024-12,288,4,42809.57,401.24
Canada,Credit,Mobile,2025-01,243,4,37872.47,621.4200000000001
Canada,Credit,Mobile,2025-02,254,5,38490.77,902.68
Canada,Credit,Mobile,2025-03,223,4,31961.920000000002,286.12
Canada,Credit,Mobile,2025-04,247,1,36698.09,251.64
Canada,Credit,Mobile,2025-05,255,3,37909.21,611.25
Canada,Credit,Mobile,2025-06,239,4,32089.98,501.64
Canada,Credit,Mobile,2025-07,278,4,40185.37,671.96
Canada,Credit,Mobile,2025-08,264,1,37648.27,207.66
Canada,Credit,Mobile,2025-09,245,2,39147.6,336.0
Canada,Credit,Terminal,2024-01,257,5,40594.92,698.88
Canada,Credit,Terminal,2024-02,219,4,32842.56,567.11
Canada,Credit,Terminal,2024-03,235,4,38520.28,397.62
Canada,Credit,Terminal,2024-04,277,6,40452.79,816.1800000000001
Canada,Credit,Terminal,2024-05,258,3,35653.26,384.23
Canada,Credit,Terminal,2024-06,236,5,33153.75,620.56
Canada,Credit,Terminal,2024-07,270,4,41606.63,481.13
Canada,Credit,Terminal,2024-08,225,3,35784.32,558.14
Canada,Credit,Terminal,2024-09,244,4,32943.55,924.17
Canada,Credit,Terminal,2024-10,234,5,34118.28,849.06
Canada,Credit,Terminal,2024-11,239,1,36281.59,170.89
Canada,Credit,Terminal,2024-12,233,5,32059.25,796.6800000000001
Canada,Credit,Terminal,2025-01,285,4,42277.75,462.56
Canada,Credit,Terminal,2025-02,240,4,32796.25,200.31
Canada,Credit,Terminal,2025-03,268,7,39951.05,656.99
Canada,Credit,Terminal,2025-04,243,3,38371.89,208.79000000000002
Canada,Credit,Terminal,2025-05,247,3,35385.91,589.32
Canada,Credit,Terminal,2025-06,228,2,34585.07,79.88000000000001
Canada,Credit,Terminal,2025-07,270,1,42742.12,86.4
Canada,Credit,Terminal,2025-08,252,5,34005.07,768.8299999999999
Canada,Credit,Terminal,2025-09,252,4,34990.29,227.62
Canada,Credit,Web,2024-01,251,4,39343.8,786.88
Canada,Credit,Web,2024-02,238,2,34604.81,628.39
Canada,Credit,Web,2024-03,255,4,38131.32,936.99
Canada,Credit,Web,2024-04,241,1,33818.45,52.66
Canada,Credit,Web,2024-05,221,1,32866.47,165.02
Canada,Credit,Web,2024-06,233,4,33063.36,388.75
Canada,Credit,Web,2024-07,235,4,37566.48,395.3
Canada,Credit,Web,2024-08,263,4,34770.32,373.65
Canada,Credit,Web,2024-09,255,6,36561.3,440.26
Canada,Credit,Web,2024-10,225,3,36423.590000000004,775.45
Canada,Credit,Web,2024-11,267,5,39728.1,357.95
Canada,Credit,Web,2024-12,258,2,36467.63,413.03
Canada,Credit,Web,2025-01,253,8,34914.72,862.76
Canada,Credit,Web,2025-02,228,2,32682.63,360.38
Canada,Credit,Web,2025-03,281,2,40866.22,123.82000000000001
Canada,Credit,Web,2025-04,228,1,31980.08,73.06
Canada,Credit,Web,2025-05,236,1,32461.88,55.2
Canada,Credit,Web,2025-06,241,8,36235.54,1005.4100000000001
Canada,Credit,Web,2025-07,260,3,39931.93,218.26999999999998
Canada,Credit,Web,2025-08,267,1,39132.86,36.58
Canada,Credit,Web,2025-09,233,4,32088.58,699.3900000000001
Canada,Debit,Mobile,2024-01,255,4,35070.58,337.69
Canada,Debit,Mobile,2024-02,256,2,37582.15,336.24
Canada,Debit,Mobile,2024-03,294,6,42661.81,742.9
Canada,Debit,Mobile,2024-04,248,8,35896.34,1530.9199999999998
Canada,Debit,Mobile,2024-05,285,6,45262.19,740.64
Canada,Debit,Mobile,2024-06,269,4,38521.33,932.8100000000001
Canada,Debit,Mobile,2024-07,248,4,35150.23,799.39
Canada,Debit,Mobile,2024-08,248,1,37342.16,60.37
Canada,Debit,Mobile,2024-09,241,3,34730.27,488.78999999999996
Canada,Debit,Mobile,2024-10,268,4,39244.67,420.7
Canada,Debit,Mobile,2024-11,290,3,43292.42,518.54
Canada,Debit,Mobile,2024-12,268,1,37693.79,140.0
Canada,Debit,Mobile,2025-01,260,2,33794.75,228.82
Canada,Debit,Mobile,2025-02,212,2,33198.590000000004,205.14000000000001
Canada,Debit,Mobile,2025-03,235,9,34329.39,1008.43
Canada,Debit,Mobile,2025-04,215,3,32943.2,408.02
Canada,Debit,Mobile,2025-05,242,2,35989.43,374.03999999999996
Canada,Debit,Mobile,2025-06,256,0,37860.22,0.0
Canada,Debit,Mobile,2025-07,226,3,33673.29,525.16
Canada,Debit,Mobile,2025-08,246,6,32173.38,613.85
Canada,Debit,Mobile,2025-09,233,1,33193.41,199.6
Canada,Debit,Terminal,2024-01,271,7,39504.71,879.65
Canada,Debit,Terminal,2024-02,259,4,40370.87,579.4699999999999
Canada,Debit,Terminal,2024-03,261,3,37836.38,584.9300000000001
Canada,Debit,Terminal,2024-04,236,4,34492.52,456.09
Canada,Debit,Terminal,2024-05,283,4,42282.26,768.9499999999999
Canada,Debit,Terminal,2024-06,250,6,34744.27,985.1800000000001
Canada,Debit,Terminal,2024-07,251,2,38169.07,323.91999999999996
Canada,Debit,Terminal,2024-08,257,6,37511.77,575.9100000000001
Canada,Debit,Terminal,2024-09,247,4,37562.57,421.99
Canada,Debit,Terminal,2024-10,238,1,32239.89,210.65
Canada,Debit,Terminal,2024-11,262,3,39816.04,768.81
Canada,Debit,Terminal,2024-12,239,4,34356.29,603.87
Canada,Debit,Terminal,2025-01,258,4,36826.65,516.86
Canada,Debit,Terminal,2025-02,219,3,30923.72,475.44
Canada,Debit,Terminal,2025-03,249,6,35386.34,1014.84
Canada,Debit,Terminal,2025-04,245,1,36135.63,217.13
Canada,Debit,Terminal,2025-05,249,6,36741.02,1002.5899999999999
Canada,Debit,Terminal,2025-06,242,4,33089.04,420.05
Canada,Debit,Terminal,2025-07,248,3,40848.84,564.6700000000001
Canada,Debit,Terminal,2025-08,265,3,37724.58,352.35
Canada,Debit,Terminal,2025-09,239,3,38430.16,568.0600000000001
Canada,Debit,Web,2024-01,263,3,38731.34,363.57
Canada,Debit,Web,2024-02,240,3,35500.12,526.58
Canada,Debit,Web,2024-03,272,5,36974.58,635.25
Canada,Debit,Web,2024-04,261,4,35356.72,411.44
Canada,Debit,Web,2024-05,281,3,40664.47,941.0699999999999
Canada,Debit,Web,2024-06,254,2,36113.99,395.16999999999996
Canada,Debit,Web,2024-07,243,1,34806.74,556.77
Canada,Debit,Web,2024-08,227,4,36592.32,948.92
Canada,Debit,Web,2024-09,222,4,31683.97,384.5
Canada,Debit,Web,2024-10,234,5,37087.56,461.84000000000003
Canada,Debit,Web,2024-11,263,1,39396.01,175.8
Canada,Debit,Web,2024-12,247,6,33945.95,798.2299999999999
Canada,Debit,Web,2025-01,252,4,36485.53,521.94
Canada,Debit,Web,2025-02,237,1,35641.74,314.02
Canada,Debit,Web,2025-03,282,4,40741.96,399.32000000000005
Canada,Debit,Web,2025-04,246,1,34635.24,70.72
Canada,Debit,Web,2025-05,251,3,35726.53,489.32
Canada,Debit,Web,2025-06,236,4,35062.01,548.14
Canada,Debit,Web,2025-07,244,2,36292.93,185.42000000000002
Canada,Debit,Web,2025-08,234,3,33124.86,350.06
Canada,Debit,Web,2025-09,222,3,29037.65,278.45000000000005
Canada,Gold,Mobile,2024-01,254,1,38663.9,42.17
Canada,Gold,Mobile,2024-02,212,2,29684.63,198.12
Canada,Gold,Mobile,2024-03,270,2,39265.16,209.26999999999998
Canada,Gold,Mobile,2024-04,235,3,31875.07,740.4100000000001
Canada,Gold,Mobile,2024-05,229,6,31111.43,685.16
Canada,Gold,Mobile,2024-06,253,2,35185.0,186.85999999999999
Canada,Gold,Mobile,2024-07,277,3,40406.18,421.84000000000003
Canada,Gold,Mobile,2024-08,268,2,40946.49,326.19
Canada,Gold,Mobile,2024-09,243,4,32623.24,179.74
Canada,Gold,Mobile,2024-10,266,7,41052.97,1178.18
Canada,Gold,Mobile,2024-11,265,2,38061.1,407.39
Canada,Gold,Mobile,2024-12,259,3,40237.35,240.22
Canada,Gold,Mobile,2025-01,267,2,35086.03,121.59
Canada,Gold,Mobile,2025-02,241,9,36761.64,1438.1999999999998
Canada,Gold,Mobile,2025-03,221,3,29878.07,364.20000000000005
Canada,Gold,Mobile,2025-04,256,2,37805.84,216.35999999999999
Canada,Gold,Mobile,2025-05,279,5,38629.77,474.86999999999995
Canada,Gold,Mobile,2025-06,245,5,37007.95,810.33
Canada,Gold,Mobile,2025-07,247,1,34212.77,95.85
Canada,Gold,Mobile,2025-08,239,7,34787.67,885.87
Canada,Gold,Mobile,2025-09,238,3,33832.71,278.88
Canada,Gold,Terminal,2024-01,243,2,34805.76,769.9699999999999
Canada,Gold,Terminal,2024-02,244,2,36289.69,191.13
Canada,Gold,Terminal,2024-03,239,3,38557.26,354.81
Canada,Gold,Terminal,2024-04,265,5,40927.44,478.55
Canada,Gold,Terminal,2024-05,242,3,32170.84,332.45
Canada,Gold,Terminal,2024-06,235,2,32959.97,121.24000000000001
Canada,Gold,Terminal,2024-07,252,6,36381.27,771.42
Canada,Gold,Terminal,2024-08,256,3,35725.46,133.04
Canada,Gold,Terminal,2024-09,258,4,36671.42,301.95
Canada,Gold,Terminal,2024-10,234,2,31175.35,391.84999999999997
Canada,Gold,Terminal,2024-11,224,4,31543.03,417.59000000000003
Canada,Gold,Terminal,2024-12,254,6,34961.95,919.0799999999999
Canada,Gold,Terminal,2025-01,249,4,34831.909999999996,632.39
Canada,Gold,Terminal,2025-02,222,5,31675.1,913.72
Canada,Gold,Terminal,2025-03,242,2,35047.49,409.87
Canada,Gold,Terminal,2025-04,232,6,34056.85,772.98
Canada,Gold,Terminal,2025-05,242,4,33333.52,547.26
Canada,Gold,Terminal,2025-06,248,3,38691.7,114.64
Canada,Gold,Terminal,2025-07,263,5,37951.17,837.54
Canada,Gold,Terminal,2025-08,246,4,36128.79,411.59000000000003
Canada,Gold,Terminal,2025-09,241,3,35228.44,534.61
Canada,Gold,Web,2024-01,280,0,39428.02,0.0
Canada,Gold,Web,2024-02,236,1,36166.93,207.29
Canada,Gold,Web,2024-03,245,4,34575.340000000004,323.0
Canada,Gold,Web,2024-04,224,1,30155.81,107.33
Canada,Gold,Web,2024-05,275,6,38989.15,833.81
Canada,Gold,Web,2024-06,231,2,32064.09,119.67999999999999
Canada,Gold,Web,2024-07,275,4,41826.67,653.86
Canada,Gold,Web,2024-08,224,2,31152.64,118.07999999999998
Canada,Gold,Web,2024-09,234,0,33169.1,0.0
Canada,Gold,Web,2024-10,254,6,35814.5,844.1
Canada,Gold,Web,2024-11,242,2,32754.04,425.84999999999997
Canada,Gold,Web,2024-12,264,6,39095.7,784.25
Canada,Gold,Web,2025-01,240,9,37246.19,1703.36
Canada,Gold,Web,2025-02,248,5,34954.6,939.47
Canada,Gold,Web,2025-03,258,3,36619.95,1173.72
Canada,Gold,Web,2025-04,224,1,31853.63,251.37
Canada,Gold,Web,2025-05,263,6,38322.01,868.26
Canada,Gold,Web,2025-06,262,3,38417.9,247.46000000000004
Canada,Gold,Web,2025-07,251,4,36036.15,183.59
Canada,Gold,Web,2025-08,229,2,33411.91,202.55
Canada,Gold,Web,2025-09,204,2,28268.17,101.8
Canada,Platinum,Mobile,2024-01,270,3,36941.38,396.5
Canada,Platinum,Mobile,2024-02,245,6,36271.26,762.64
Canada,Platinum,Mobile,2024-03,227,5,32549.89,772.41
Canada,Platinum,Mobile,2024-04,252,5,33742.76,717.2
Canada,Platinum,Mobile,2024-05,246,3,37618.78,657.46
Canada,Platinum,Mobile,2024-06,245,2,34787.27,181.28
Canada,Platinum,Mobile,2024-07,269,5,40852.21,634.56
Canada,Platinum,Mobile,2024-08,267,2,37882.68,242.8
Canada,Platinum,Mobile,2024-09,239,1,33673.7,169.64
Canada,Platinum,Mobile,2024-10,236,5,36454.93,537.48
Canada,Platinum,Mobile,2024-11,220,2,34055.96,431.89000000000004
Canada,Platinum,Mobile,2024-12,221,3,29727.13,690.15
Canada,Platinum,Mobile,2025-01,278,1,39978.57,195.47
Canada,Platinum,Mobile,2025-02,200,2,31731.29,135.91
Canada,Platinum,Mobile,2025-03,272,2,37625.84,96.62
Canada,Platinum,Mobile,2025-04,241,3,36453.69,478.46999999999997
Canada,Platinum,Mobile,2025-05,236,3,30831.77,360.1
Canada,Platinum,Mobile,2025-06,269,4,38971.45,196.68
Canada,Platinum,Mobile,2025-07,252,2,37820.19,147.86
Canada,Platinum,Mobile,2025-08,236,2,31504.89,187.14
Canada,Platinum,Mobile,2025-09,220,3,33403.67,906.64
Canada,Platinum,Terminal,2024-01,275,4,39178.53,623.87
Canada,Platinum,Terminal,2024-02,251,3,35540.41,235.75
Canada,Platinum,Terminal,2024-03,231,2,30754.77,258.7
Canada,Platinum,Terminal,2024-04,232,2,35648.56,271.06
Canada,Platinum,Terminal,2024-05,269,4,37357.14,756.72
Canada,Platinum,Terminal,2024-06,241,9,35180.41,1070.95
Canada,Platinum,Terminal,2024-07,256,1,37439.37,237.2
Canada,Platinum,Terminal,2024-08,246,1,36155.25,147.7
Canada,Platinum,Terminal,2024-09,251,5,38550.11,432.82
Canada,Platinum,Terminal,2024-10,269,2,39565.6,265.36
Canada,Platinum,Terminal,2024-11,230,6,30004.13,1000.52
Canada,Platinum,Terminal,2024-12,251,6,36731.09,980.63
Canada,Platinum,Terminal,2025-01,222,5,30753.48,594.0699999999999
Canada,Platinum,Terminal,2025-02,228,2,36901.74,341.81
Canada,Platinum,Terminal,2025-03,238,3,33269.6,194.66
Canada,Platinum,Terminal,2025-04,247,3,33336.1,516.9399999999999
Canada,Platinum,Terminal,2025-05,240,3,31441.95,668.9000000000001
Canada,Platinum,Terminal,2025-06,267,5,39972.96,843.22
Canada,Platinum,Terminal,2025-07,259,4,38827.67,332.07
Canada,Platinum,Terminal,2025-08,241,2,34611.35,537.85
Canada,Platinum,Terminal,2025-09,259,3,36295.76,346.95
Canada,Platinum,Web,2024-01,279,0,39724.79,0.0
Canada,Platinum,Web,2024-02,251,1,39729.75,310.55
Canada,Platinum,Web,2024-03,243,0,35416.14,0.0
Canada,Platinum,Web,2024-04,239,6,36527.28,976.81
Canada,Platinum,Web,2024-05,267,0,38277.3,0.0
Canada,Platinum,Web,2024-06,227,3,35226.02,197.97
Canada,Platinum,Web,2024-07,238,4,32158.62,408.7
Canada,Platinum,Web,2024-08,249,3,36449.59,499.24
Canada,Platinum,Web,2024-09,273,8,41551.94,632.97
Canada,Platinum,Web,2024-10,253,5,40027.24,246.82999999999998
Canada,Platinum,Web,2024-11,242,1,34905.85,339.31
Canada,Platinum,Web,2024-12,265,5,40250.83,713.49
Canada,Platinum,Web,2025-01,273,10,36646.37,1571.0
Canada,Platinum,Web,2025-02,244,4,36852.03,561.2
Canada,Platinum,Web,2025-03,241,4,34733.31,586.24
Canada,Platinum,Web,2025-04,258,2,36712.53,96.45
Canada,Platinum,Web,2025-05,259,5,38076.99,424.13
Canada,Platinum,Web,2025-06,239,7,32815.29,797.99
Canada,Platinum,Web,2025-07,241,5,37025.99,1150.33
Canada,Platinum,Web,2025-08,282,6,44076.3,1209.09
Canada,Platinum,Web,2025-09,237,2,33758.86,147.89
France,Credit,Mobile,2024-01,261,3,38167.46,816.51
France,Credit,Mobile,2024-02,225,2,34152.47,166.79000000000002
France,Credit,Mobile,2024-03,233,4,35880.03,485.54999999999995
France,Credit,Mobile,2024-04,254,2,39760.45,150.58
France,Credit,Mobile,2024-05,257,2,40040.37,189.9
France,Credit,Mobile,2024-06,238,8,31891.170000000002,1397.43
France,Credit,Mobile,2024-07,273,3,43117.06,497.27
France,Credit,Mobile,2024-08,216,3,30680.67,434.08000000000004
France,Credit,Mobile,2024-09,231,5,32572.7,615.24
France,Credit,Mobile,2024-10,247,7,33899.43,620.0999999999999
France,Credit,Mobile,2024-11,253,5,36350.03,596.11
France,Credit,Mobile,2024-12,221,3,34033.44,282.05
France,Credit,Mobile,2025-01,237,4,33474.81,694.5
France,Credit,Mobile,2025-02,210,5,30050.84,562.69
France,Credit,Mobile,2025-03,249,3,35852.24,343.43
France,Credit,Mobile,2025-04,278,5,40409.12,837.16
France,Credit,Mobile,2025-05,269,11,38451.72,2173.84
France,Credit,Mobile,2025-06,240,1,35036.34,338.86
France,Credit,Mobile,2025-07,238,2,33472.54,320.43
France,Credit,Mobile,2025-08,271,3,42524.6,1241.1100000000001
France,Credit,Mobile,2025-09,251,4,33055.18,572.04
France,Credit,Terminal,2024-01,251,3,37532.090000000004,234.19
France,Credit,Terminal,2024-02,208,3,32589.66,715.28
France,Credit,Terminal,2024-03,257,7,35142.9,1241.5900000000001
France,Credit,Terminal,2024-04,223,3,32418.18,368.05
France,Credit,Terminal,2024-05,230,5,32262.11,1220.89
France,Credit,Terminal,2024-06,256,5,38229.12,642.52
France,Credit,Terminal,2024-07,253,3,39432.9,480.25
France,Credit,Terminal,2024-08,263,5,35034.92,656.03
France,Credit,Terminal,2024-09,242,3,40280.13,393.86
France,Credit,Terminal,2024-10,262,4,39369.9,900.19
France,Credit,Terminal,2024-11,256,3,39711.84,435.27
France,Credit,Terminal,2024-12,242,5,36523.3,759.91
France,Credit,Terminal,2025-01,258,3,37309.59,349.71999999999997
France,Credit,Terminal,2025-02,225,2,35157.37,727.39
France,Credit,Terminal,2025-03,260,4,36883.54,542.14
France,Credit,Terminal,2025-04,238,6,38342.06,1229.47
France,Credit,Terminal,2025-05,274,3,44561.54,716.09
France,Credit,Terminal,2025-06,228,1,37447.12,384.73
France,Credit,Terminal,2025-07,250,2,34689.15,182.85000000000002
France,Credit,Terminal,2025-08,242,1,35136.58,29.51
France,Credit,Terminal,2025-09,235,5,32773.35,1130.24
France,Credit,Web,2024-01,242,4,34135.44,373.29
France,Credit,Web,2024-02,242,4,35481.67,356.14
France,Credit,Web,2024-03,263,3,40003.31,664.1400000000001
France,Credit,Web,2024-04,224,6,31628.64,595.81
France,Credit,Web,2024-05,242,5,37781.6,772.45
France,Credit,Web,2024-06,279,2,41702.16,784.6199999999999
France,Credit,Web,2024-07,254,3,40692.61,373.76
France,Credit,Web,2024-08,269,3,39456.06,589.3399999999999
France,Credit,Web,2024-09,232,2,34662.3,1399.4099999999999
France,Credit,Web,2024-10,263,4,38453.72,537.48
France,Credit,Web,2024-11,223,5,34003.8,1051.21
France,Credit,Web,2024-12,252,1,34168.72,268.67
France,Credit,Web,2025-01,259,4,39126.82,632.1
France,Credit,Web,2025-02,233,3,31940.02,363.73
France,Credit,Web,2025-03,269,8,38573.19,1052.17
France,Credit,Web,2025-04,259,5,36415.56,639.3399999999999
France,Credit,Web,2025-05,269,2,37220.2,699.77
France,Credit,Web,2025-06,245,3,38932.2,292.87
France,Credit,Web,2025-07,254,6,36397.33,892.22
France,Credit,Web,2025-08,231,2,33317.69,291.3
France,Credit,Web,2025-09,212,1,30850.079999999998,96.92
France,Debit,Mobile,2024-01,246,6,38175.98,1192.07
France,Debit,Mobile,2024-02,216,3,31734.93,704.17
France,Debit,Mobile,2024-03,249,7,37316.64,1326.9
France,Debit,Mobile,2024-04,232,4,35694.19,752.3399999999999
France,Debit,Mobile,2024-05,251,11,35845.22,1088.67
France,Debit,Mobile,2024-06,266,6,42728.54,669.08
France,Debit,Mobile,2024-07,259,7,36743.04,1245.1100000000001
France,Debit,Mobile,2024-08,277,3,40063.79,139.79
France,Debit,Mobile,2024-09,241,5,34193.24,449.95000000000005
France,Debit,Mobile,2024-10,251,3,35421.71,603.74
France,Debit,Mobile,2024-11,243,3,33659.71,140.79
France,Debit,Mobile,2024-12,284,3,42236.1,236.77
France,Debit,Mobile,2025-01,261,3,35444.41,486.09999999999997
France,Debit,Mobile,2025-02,254,4,34392.94,458.51
France,Debit,Mobile,2025-03,271,2,41765.86,103.25999999999999
France,Debit,Mobile,2025-04,244,4,34954.47,725.46
France,Debit,Mobile,2025-05,259,6,38529.5,813.09
France,Debit,Mobile,2025-06,220,6,32826.59,754.27
France,Debit,Mobile,2025-07,254,7,38600.63,962.44
France,Debit,Mobile,2025-08,254,5,36557.25,859.46
France,Debit,Mobile,2025-09,248,7,34417.0,867.47
France,Debit,Terminal,2024-01,233,2,31120.35,99.82000000000001
France,Debit,Terminal,2024-02,244,6,33537.08,909.3
France,Debit,Terminal,2024-03,270,3,40677.56,620.1000000000001
France,Debit,Terminal,2024-04,227,4,33136.78,577.1600000000001
France,Debit,Terminal,2024-05,232,5,36735.33,788.88
France,Debit,Terminal,2024-06,258,5,35039.36,1248.8600000000001
France,Debit,Terminal,2024-07,274,3,41902.69,565.73
France,Debit,Terminal,2024-08,251,1,35149.61,80.15
France,Debit,Terminal,2024-09,233,2,33998.24,114.53999999999999
France,Debit,Terminal,2024-10,251,5,38335.33,1077.79
France,Debit,Terminal,2024-11,234,1,31434.98,123.32
France,Debit,Terminal,2024-12,257,5,37874.41,456.62
France,Debit,Terminal,2025-01,255,4,35249.34,839.3399999999999
France,Debit,Terminal,2025-02,224,4,33243.57,426.94
France,Debit,Terminal,2025-03,228,3,29348.53,334.23
France,Debit,Terminal,2025-04,248,3,34331.62,337.52
France,Debit,Terminal,2025-05,264,1,37869.71,135.67
France,Debit,Terminal,2025-06,242,2,34453.33,234.79000000000002
France,Debit,Terminal,2025-07,265,4,40675.12,632.6800000000001
France,Debit,Terminal,2025-08,246,5,34787.85,415.63000000000005
France,Debit,Terminal,2025-09,217,0,30926.54,0.0
France,Debit,Web,2024-01,259,5,35368.58,738.26
France,Debit,Web,2024-02,232,3,31611.18,511.88
France,Debit,Web,2024-03,235,3,33362.46,184.49
France,Debit,Web,2024-04,235,2,33347.85,645.54
France,Debit,Web,2024-05,247,4,36322.88,691.98
France,Debit,Web,2024-06,240,1,35041.58,88.65
France,Debit,Web,2024-07,256,4,37051.55,433.59
France,Debit,Web,2024-08,254,3,34845.71,255.12
France,Debit,Web,2024-09,257,4,37559.84,612.15
France,Debit,Web,2024-10,284,6,38193.84,836.3199999999999
France,Debit,Web,2024-11,252,1,37005.63,262.56
France,Debit,Web,2024-12,270,4,38269.14,327.14
France,Debit,Web,2025-01,258,4,37714.26,377.33
France,Debit,Web,2025-02,217,2,32058.66,265.74
France,Debit,Web,2025-03,249,6,40319.18,832.9
France,Debit,Web,2025-04,261,7,38885.05,961.19
France,Debit,Web,2025-05,258,1,36786.65,58.16
France,Debit,Web,2025-06,235,4,36920.42,530.62
France,Debit,Web,2025-07,258,3,35557.1,439.82
France,Debit,Web,2025-08,275,2,37435.99,253.17000000000002
France,Debit,Web,2025-09,271,2,37865.79,172.37
France,Gold,Mobile,2024-01,244,2,34081.67,490.04999999999995
France,Gold,Mobile,2024-02,248,2,37739.64,259.53999999999996
France,Gold,Mobile,2024-03,254,2,39778.47,384.86
France,Gold,Mobile,2024-04,252,1,37868.05,63.5
France,Gold,Mobile,2024-05,244,2,34380.29,135.94
France,Gold,Mobile,2024-06,211,0,30605.56,0.0
France,Gold,Mobile,2024-07,279,6,43195.88,496.33000000000004
France,Gold,Mobile,2024-08,254,9,37835.42,1405.74
France,Gold,Mobile,2024-09,228,3,33815.97,352.89
France,Gold,Mobile,2024-10,261,5,36714.2,998.08
France,Gold,Mobile,2024-11,263,7,37092.86,1917.6200000000001
France,Gold,Mobile,2024-12,266,4,38540.96,391.22
France,Gold,Mobile,2025-01,248,1,36686.2,147.87
France,Gold,Mobile,2025-02,200,1,30742.94,31.45
France,Gold,Mobile,2025-03,257,5,37936.1,796.48
France,Gold,Mobile,2025-04,263,5,37860.27,1046.46
France,Gold,Mobile,2025-05,238,5,31554.0,725.12
France,Gold,Mobile,2025-06,249,3,37985.05,247.46
France,Gold,Mobile,2025-07,254,5,36787.97,623.52
France,Gold,Mobile,2025-08,257,5,36945.92,717.46
France,Gold,Mobile,2025-09,228,6,35565.37,1674.26
France,Gold,Terminal,2024-01,239,2,31457.3,313.33000000000004
France,Gold,Terminal,2024-02,248,3,34309.75,389.33
France,Gold,Terminal,2024-03,269,4,38131.06,641.4
France,Gold,Terminal,2024-04,223,0,33068.91,0.0
France,Gold,Terminal,2024-05,273,2,39089.58,410.74
France,Gold,Terminal,2024-06,262,2,38208.34,374.62
France,Gold,Terminal,2024-07,263,7,36552.57,983.48
France,Gold,Terminal,2024-08,226,2,32413.48,330.63
France,Gold,Terminal,2024-09,242,5,34389.42,577.5
France,Gold,Terminal,2024-10,260,3,36993.44,136.48
France,Gold,Terminal,2024-11,246,7,37907.33,1466.75
France,Gold,Terminal,2024-12,264,3,37286.12,439.79999999999995
France,Gold,Terminal,2025-01,239,1,34109.75,101.73
France,Gold,Terminal,2025-02,229,3,34235.21,408.41
France,Gold,Terminal,2025-03,270,3,39780.64,194.32
France,Gold,Terminal,2025-04,251,5,34747.82,776.19
France,Gold,Terminal,2025-05,273,2,41965.98,182.18
France,Gold,Terminal,2025-06,252,3,34695.96,394.39
France,Gold,Terminal,2025-07,236,5,35314.4,742.28
France,Gold,Terminal,2025-08,272,2,37945.06,105.99
France,Gold,Terminal,2025-09,221,4,31590.32,427.97
France,Gold,Web,2024-01,241,3,35377.24,562.24
France,Gold,Web,2024-02,247,4,36129.4,350.73
France,Gold,Web,2024-03,267,3,40399.86,231.3
France,Gold,Web,2024-04,246,3,37094.56,800.96
France,Gold,Web,2024-05,256,5,35277.31,758.75
France,Gold,Web,2024-06,236,5,34787.63,412.96
France,Gold,Web,2024-07,244,3,36617.63,254.25
France,Gold,Web,2024-08,235,4,33734.95,405.17
France,Gold,Web,2024-09,251,1,37669.71,545.23
France,Gold,Web,2024-10,239,1,34784.61,150.1
France,Gold,Web,2024-11,235,6,33669.37,1351.44
France,Gold,Web,2024-12,235,1,35643.15,212.28
France,Gold,Web,2025-01,210,2,29843.31,194.61
France,Gold,Web,2025-02,239,2,32499.8,266.7
France,Gold,Web,2025-03,267,3,36730.42,184.03
France,Gold,Web,2025-04,260,5,39934.01,649.04
France,Gold,Web,2025-05,244,3,33719.67,580.53
France,Gold,Web,2025-06,206,0,30139.66,0.0
France,Gold,Web,2025-07,249,5,41938.33,994.2
France,Gold,Web,2025-08,250,4,37754.11,402.03999999999996
France,Gold,Web,2025-09,226,8,37201.37,925.25
France,Platinum,Mobile,2024-01,244,2,38515.24,695.73
France,Platinum,Mobile,2024-02,259,2,37411.82,139.62
France,Platinum,Mobile,2024-03,257,6,35341.7,516.98
France,Platinum,Mobile,2024-04,246,6,38740.48,439.40000000000003
France,Platinum,Mobile,2024-05,273,3,37468.49,756.4200000000001
France,Platinum,Mobile,2024-06,240,7,35778.4,588.38
France,Platinum,Mobile,2024-07,227,2,33551.1,559.97
France,Platinum,Mobile,2024-08,274,7,38246.94,710.94
France,Platinum,Mobile,2024-09,229,6,34765.46,631.3299999999999
France,Platinum,Mobile,2024-10,257,3,36904.14,171.67000000000002
France,Platinum,Mobile,2024-11,250,4,36450.64,661.0699999999999
France,Platinum,Mobile,2024-12,254,3,30906.12,481.96
France,Platinum,Mobile,2025-01,253,1,36404.53,291.22
France,Platinum,Mobile,2025-02,236,2,33690.8,139.32999999999998
France,Platinum,Mobile,2025-03,270,2,39581.94,134.24
France,Platinum,Mobile,2025-04,241,7,36389.94,1184.76
France,Platinum,Mobile,2025-05,258,5,38295.58,599.88
France,Platinum,Mobile,2025-06,228,8,34041.68,1449.63
France,Platinum,Mobile,2025-07,252,0,37357.63,0.0
France,Platinum,Mobile,2025-08,261,3,37730.56,572.81
France,Platinum,Mobile,2025-09,254,3,36389.29,823.68
France,Platinum,Terminal,2024-01,260,6,35861.39,775.76
France,Platinum,Terminal,2024-02,215,4,31301.89,694.38
France,Platinum,Terminal,2024-03,274,4,43211.54,561.55
France,Platinum,Terminal,2024-04,237,3,33600.41,366.58
France,Platinum,Terminal,2024-05,258,4,37129.78,298.22
France,Platinum,Terminal,2024-06,252,2,34530.32,366.17999999999995
France,Platinum,Terminal,2024-07,243,7,35840.81,903.89
France,Platinum,Terminal,2024-08,258,3,39144.34,567.73
France,Platinum,Terminal,2024-09,242,3,35535.909999999996,543.9300000000001
France,Platinum,Terminal,2024-10,264,1,38692.77,46.48
France,Platinum,Terminal,2024-11,277,2,41791.35,343.12
France,Platinum,Terminal,2024-12,263,2,39823.94,133.42000000000002
France,Platinum,Terminal,2025-01,290,5,42088.21,457.1
France,Platinum,Terminal,2025-02,244,2,33681.24,125.5
France,Platinum,Terminal,2025-03,270,2,38410.18,153.71
France,Platinum,Terminal,2025-04,268,3,38762.33,432.03
France,Platinum,Terminal,2025-05,249,3,34032.79,268.17999999999995
France,Platinum,Terminal,2025-06,246,7,34358.42,850.02
France,Platinum,Terminal,2025-07,261,3,36608.58,328.5
France,Platinum,Terminal,2025-08,275,2,41519.05,235.76
France,Platinum,Terminal,2025-09,256,4,38163.59,340.86
France,Platinum,Web,2024-01,242,3,35205.05,267.55
France,Platinum,Web,2024-02,221,3,31432.61,413.75
France,Platinum,Web,2024-03,248,1,35674.77,231.92
France,Platinum,Web,2024-04,247,4,33713.47,553.6899999999999
France,Platinum,Web,2024-05,291,3,42959.47,516.72
France,Platinum,Web,2024-06,252,2,36852.07,137.31
France,Platinum,Web,2024-07,246,4,36146.33,324.32
France,Platinum,Web,2024-08,248,5,35312.85,920.5799999999999
France,Platinum,Web,2024-09,256,6,35923.46,1130.8
France,Platinum,Web,2024-10,235,5,35702.24,942.73
France,Platinum,Web,2024-11,259,1,39125.28,264.3
France,Platinum,Web,2024-12,242,3,34878.9,897.65
France,Platinum,Web,2025-01,244,4,36678.96,638.21
France,Platinum,Web,2025-02,242,1,35111.38,54.95
France,Platinum,Web,2025-03,233,0,34593.16,0.0
France,Platinum,Web,2025-04,217,4,29470.37,201.5
France,Platinum,Web,2025-05,256,5,35985.840000000004,933.74
France,Platinum,Web,2025-06,255,4,36371.06,510.43
France,Platinum,Web,2025-07,239,1,33132.98,337.93
France,Platinum,Web,2025-08,265,6,39919.66,473.96
France,Platinum,Web,2025-09,224,4,36453.19,474.93
Germany,Credit,Mobile,2024-01,238,3,34314.81,184.01000000000002
Germany,Credit,Mobile,2024-02,281,8,43913.41,815.32
Germany,Credit,Mobile,2024-03,238,4,35589.47,1052.9699999999998
Germany,Credit,Mobile,2024-04,249,5,35186.79,611.56
Germany,Credit,Mobile,2024-05,242,6,35970.07,1104.05
Germany,Credit,Mobile,2024-06,265,2,37948.68,132.20999999999998
Germany,Credit,Mobile,2024-07,234,1,34239.25,35.07
Germany,Credit,Mobile,2024-08,255,5,37527.75,802.18
Germany,Credit,Mobile,2024-09,246,5,32554.74,566.53
Germany,Credit,Mobile,2024-10,285,5,47188.37,740.42
Germany,Credit,Mobile,2024-11,246,6,35750.02,370.54
Germany,Credit,Mobile,2024-12,287,6,37504.68,845.92
Germany,Credit,Mobile,2025-01,273,9,40892.7,1526.82
Germany,Credit,Mobile,2025-02,239,3,35751.38,336.87
Germany,Credit,Mobile,2025-03,263,5,38885.36,251.73000000000002
Germany,Credit,Mobile,2025-04,237,5,35526.7,801.6899999999999
Germany,Credit,Mobile,2025-05,232,1,34367.79,58.88
Germany,Credit,Mobile,2025-06,240,6,34838.31,903.4
Germany,Credit,Mobile,2025-07,259,5,34994.39,573.24
Germany,Credit,Mobile,2025-08,247,4,35862.44,1078.26
Germany,Credit,Mobile,2025-09,216,7,31804.05,788.12
Germany,Credit,Terminal,2024-01,256,4,34806.04,645.06
Germany,Credit,Terminal,2024-02,243,7,37825.55,1603.3400000000001
Germany,Credit,Terminal,2024-03,246,5,34722.03,321.21000000000004
Germany,Credit,Terminal,2024-04,250,3,36273.89,309.14
Germany,Credit,Terminal,2024-05,261,4,35216.89,380.53
Germany,Credit,Terminal,2024-06,239,2,33217.09,620.37
Germany,Credit,Terminal,2024-07,262,8,36432.7,870.77
Germany,Credit,Terminal,2024-08,249,3,34933.35,497.3
Germany,Credit,Terminal,2024-09,251,3,38337.31,346.5
Germany,Credit,Terminal,2024-10,258,7,35171.86,1493.09
Germany,Credit,Terminal,2024-11,260,4,36882.71,330.61
Germany,Credit,Terminal,2024-12,249,5,34084.76,877.73
Germany,Credit,Terminal,2025-01,239,4,37598.909999999996,1099.8200000000002
Germany,Credit,Terminal,2025-02,225,4,32992.62,418.03
Germany,Credit,Terminal,2025-03,297,4,43117.79,484.20000000000005
Germany,Credit,Terminal,2025-04,225,2,32528.99,436.34000000000003
Germany,Credit,Terminal,2025-05,223,2,30179.5,240.16
Germany,Credit,Terminal,2025-06,247,5,34793.28,329.83
Germany,Credit,Terminal,2025-07,257,4,36085.26,528.26
Germany,Credit,Terminal,2025-08,250,2,39095.35,580.5999999999999
Germany,Credit,Terminal,2025-09,243,7,35027.65,1155.31
Germany,Credit,Web,2024-01,263,3,39340.87,1031.52
Germany,Credit,Web,2024-02,245,4,35831.81,841.1299999999999
Germany,Credit,Web,2024-03,224,0,30591.21,0.0
Germany,Credit,Web,2024-04,240,1,34902.01,41.77
Germany,Credit,Web,2024-05,255,4,37592.36,445.33
Germany,Credit,Web,2024-06,242,3,37857.82,273.4
Germany,Credit,Web,2024-07,236,4,33600.04,427.44000000000005
Germany,Credit,Web,2024-08,241,4,31754.64,394.14
Germany,Credit,Web,2024-09,253,5,35380.98,511.61
Germany,Credit,Web,2024-10,239,3,35568.7,830.73
Germany,Credit,Web,2024-11,232,2,32352.27,543.5699999999999
Germany,Credit,Web,2024-12,239,6,33511.49,937.6500000000001
Germany,Credit,Web,2025-01,240,3,33913.41,350.99
Germany,Credit,Web,2025-02,215,2,32019.29,241.89
Germany,Credit,Web,2025-03,242,4,35117.86,414.9
Germany,Credit,Web,2025-04,235,7,33707.88,807.1400000000001
Germany,Credit,Web,2025-05,242,3,31690.26,164.52
Germany,Credit,Web,2025-06,260,4,37044.02,661.36
Germany,Credit,Web,2025-07,263,0,38154.55,0.0
Germany,Credit,Web,2025-08,256,3,37407.39,626.8900000000001
Germany,Credit,Web,2025-09,257,3,38050.25,283.54
Germany,Debit,Mobile,2024-01,237,3,35910.19,154.73
Germany,Debit,Mobile,2024-02,251,3,36525.13,281.42
Germany,Debit,Mobile,2024-03,238,2,33745.86,44.61
Germany,Debit,Mobile,2024-04,268,1,37374.69,112.59
Germany,Debit,Mobile,2024-05,233,3,35987.76,395.4
Germany,Debit,Mobile,2024-06,249,5,37942.61,258.34000000000003
Germany,Debit,Mobile,2024-07,256,5,38705.840000000004,960.94
Germany,Debit,Mobile,2024-08,294,5,40195.93,354.12
Germany,Debit,Mobile,2024-09,264,4,37361.63,854.72
Germany,Debit,Mobile,2024-10,213,7,30568.4,647.65
Germany,Debit,Mobile,2024-11,221,1,35052.3,194.76
Germany,Debit,Mobile,2024-12,266,2,37434.3,172.49
Germany,Debit,Mobile,2025-01,232,5,31979.8,833.6800000000001
Germany,Debit,Mobile,2025-02,240,2,33794.89,121.04
Germany,Debit,Mobile,2025-03,271,5,38683.22,427.53999999999996
Germany,Debit,Mobile,2025-04,237,7,35425.47,1941.48
Germany,Debit,Mobile,2025-05,242,4,32853.41,417.01
Germany,Debit,Mobile,2025-06,238,4,39208.68,574.01
Germany,Debit,Mobile,2025-07,247,5,39706.08,784.88
Germany,Debit,Mobile,2025-08,245,3,37894.96,143.61
Germany,Debit,Mobile,2025-09,250,3,35055.77,147.65
Germany,Debit,Terminal,2024-01,243,3,33707.89,613.84
Germany,Debit,Terminal,2024-02,250,3,34871.22,552.87
Germany,Debit,Terminal,2024-03,247,6,33863.32,384.33000000000004
Germany,Debit,Terminal,2024-04,267,4,38572.92,531.9200000000001
Germany,Debit,Terminal,2024-05,231,2,34299.82,436.29
Germany,Debit,Terminal,2024-06,255,7,39615.56,1024.68
Germany,Debit,Terminal,2024-07,248,3,35930.72,241.36
Germany,Debit,Terminal,2024-08,257,5,33616.85,847.24
Germany,Debit,Terminal,2024-09,235,4,33232.64,864.27
Germany,Debit,Terminal,2024-10,279,4,39373.92,447.98
Germany,Debit,Terminal,2024-11,252,7,35431.409999999996,1125.8600000000001
Germany,Debit,Terminal,2024-12,225,0,33527.0,0.0
Germany,Debit,Terminal,2025-01,263,3,39080.05,193.63
Germany,Debit,Terminal,2025-02,216,3,30505.72,543.78
Germany,Debit,Terminal,2025-03,234,3,32662.17,278.97
Germany,Debit,Terminal,2025-04,231,2,34033.3,437.77
Germany,Debit,Terminal,2025-05,261,6,35208.02,517.76
Germany,Debit,Terminal,2025-06,252,2,37638.85,421.69
Germany,Debit,Terminal,2025-07,256,4,36172.53,501.44000000000005
Germany,Debit,Terminal,2025-08,228,3,30739.4,324.64
Germany,Debit,Terminal,2025-09,233,3,35980.94,445.5
Germany,Debit,Web,2024-01,206,4,30912.36,809.74
Germany,Debit,Web,2024-02,247,5,36725.65,589.5999999999999
Germany,Debit,Web,2024-03,232,3,34101.25,294.56
Germany,Debit,Web,2024-04,223,7,36381.47,1043.77
Germany,Debit,Web,2024-05,271,7,35437.39,1166.8799999999999
Germany,Debit,Web,2024-06,269,3,38527.91,245.83
Germany,Debit,Web,2024-07,266,3,38394.06,596.71
Germany,Debit,Web,2024-08,289,6,43739.19,604.22
Germany,Debit,Web,2024-09,236,5,35573.44,624.55
Germany,Debit,Web,2024-10,215,4,33101.09,582.08
Germany,Debit,Web,2024-11,232,5,33958.66,542.98
Germany,Debit,Web,2024-12,255,5,36568.82,711.26
Germany,Debit,Web,2025-01,245,2,34987.31,120.66
Germany,Debit,Web,2025-02,239,4,32864.39,415.44
Germany,Debit,Web,2025-03,227,1,34894.25,62.42
Germany,Debit,Web,2025-04,230,4,34848.89,697.74
Germany,Debit,Web,2025-05,263,2,41812.87,65.78
Germany,Debit,Web,2025-06,268,1,37967.31,49.54
Germany,Debit,Web,2025-07,231,5,32589.54,618.63
Germany,Debit,Web,2025-08,227,1,31214.75,45.82
Germany,Debit,Web,2025-09,257,1,33937.79,65.69
Germany,Gold,Mobile,2024-01,289,4,41343.42,194.05
Germany,Gold,Mobile,2024-02,232,4,33929.54,415.41999999999996
Germany,Gold,Mobile,2024-03,265,6,38154.4,740.19
Germany,Gold,Mobile,2024-04,257,5,37527.84,982.73
Germany,Gold,Mobile,2024-05,237,4,34082.65,366.54
Germany,Gold,Mobile,2024-06,241,5,33803.83,745.04
Germany,Gold,Mobile,2024-07,246,5,36035.04,640.4
Germany,Gold,Mobile,2024-08,265,2,40240.76,348.63
Germany,Gold,Mobile,2024-09,250,2,36681.99,1116.21
Germany,Gold,Mobile,2024-10,240,1,35136.85,298.28
Germany,Gold,Mobile,2024-11,238,5,31778.8,528.73
Germany,Gold,Mobile,2024-12,256,3,35963.61,421.23
Germany,Gold,Mobile,2025-01,241,5,33729.59,651.6800000000001
Germany,Gold,Mobile,2025-02,215,1,35947.17,216.62
Germany,Gold,Mobile,2025-03,266,5,37916.86,718.76
Germany,Gold,Mobile,2025-04,247,1,36187.04,326.82
Germany,Gold,Mobile,2025-05,238,3,35751.91,441.42
Germany,Gold,Mobile,2025-06,234,6,34371.89,820.39
Germany,Gold,Mobile,2025-07,262,3,39524.65,634.71
Germany,Gold,Mobile,2025-08,237,8,33409.76,1086.22
Germany,Gold,Mobile,2025-09,232,1,32345.46,35.21
Germany,Gold,Terminal,2024-01,235,4,34278.67,515.22
Germany,Gold,Terminal,2024-02,255,3,36569.44,160.35999999999999
Germany,Gold,Terminal,2024-03,244,5,39124.68,759.98
Germany,Gold,Terminal,2024-04,261,5,38102.3,1194.6999999999998
Germany,Gold,Terminal,2024-05,262,2,40995.17,46.9
Germany,Gold,Terminal,2024-06,245,6,35368.31,717.47
Germany,Gold,Terminal,2024-07,251,1,35028.27,90.96
Germany,Gold,Terminal,2024-08,241,3,36464.54,116.61000000000001
Germany,Gold,Terminal,2024-09,253,3,35625.04,275.47
Germany,Gold,Terminal,2024-10,251,4,36359.56,413.34000000000003
Germany,Gold,Terminal,2024-11,252,3,35471.84,364.77
Germany,Gold,Terminal,2024-12,261,4,36973.32,609.03
Germany,Gold,Terminal,2025-01,247,4,37332.88,474.48
Germany,Gold,Terminal,2025-02,209,1,29141.85,44.89
Germany,Gold,Terminal,2025-03,255,4,34135.4,676.39
Germany,Gold,Terminal,2025-04,236,6,33797.9,1388.23
Germany,Gold,Terminal,2025-05,274,6,38278.19,695.34
Germany,Gold,Terminal,2025-06,245,3,35187.68,653.46
Germany,Gold,Terminal,2025-07,261,3,35573.36,505.48999999999995
Germany,Gold,Terminal,2025-08,252,2,39305.28,172.53
Germany,Gold,Terminal,2025-09,247,3,34913.89,191.28
Germany,Gold,Web,2024-01,262,6,40519.4,1108.48
Germany,Gold,Web,2024-02,219,4,33162.86,915.63
Germany,Gold,Web,2024-03,245,4,37624.9,414.46999999999997
Germany,Gold,Web,2024-04,262,1,38819.159999999996,70.64
Germany,Gold,Web,2024-05,246,4,35907.7,301.31
Germany,Gold,Web,2024-06,272,5,41802.24,485.52
Germany,Gold,Web,2024-07,259,6,39257.63,897.89
Germany,Gold,Web,2024-08,278,5,35826.33,667.06
Germany,Gold,Web,2024-09,232,3,29145.34,576.29
Germany,Gold,Web,2024-10,234,3,36338.07,333.44
Germany,Gold,Web,2024-11,246,2,32115.1,542.98
Germany,Gold,Web,2024-12,255,3,33657.12,343.61
Germany,Gold,Web,2025-01,261,5,39854.22,825.94
Germany,Gold,Web,2025-02,217,1,34877.55,204.47
Germany,Gold,Web,2025-03,264,10,41815.87,2149.7200000000003
Germany,Gold,Web,2025-04,257,2,38165.81,58.85
Germany,Gold,Web,2025-05,259,5,37940.6,1125.29
Germany,Gold,Web,2025-06,265,5,40722.04,483.17999999999995
Germany,Gold,Web,2025-07,255,3,35386.45,302.40999999999997
Germany,Gold,Web,2025-08,259,4,36378.78,1048.51
Germany,Gold,Web,2025-09,250,2,33752.31,123.97
Germany,Platinum,Mobile,2024-01,238,6,39626.85,730.6899999999999
Germany,Platinum,Mobile,2024-02,213,5,29743.53,418.48
Germany,Platinum,Mobile,2024-03,241,9,34713.63,958.53
Germany,Platinum,Mobile,2024-04,264,2,34822.39,181.29999999999998
Germany,Platinum,Mobile,2024-05,258,4,37191.18,680.02
Germany,Platinum,Mobile,2024-06,233,2,35339.87,325.77
Germany,Platinum,Mobile,2024-07,263,6,41202.38,1273.82
Germany,Platinum,Mobile,2024-08,246,3,36638.909999999996,481.78
Germany,Platinum,Mobile,2024-09,233,3,34665.92,344.21
Germany,Platinum,Mobile,2024-10,265,8,38232.0,1428.35
Germany,Platinum,Mobile,2024-11,220,5,30916.04,599.98
Germany,Platinum,Mobile,2024-12,249,9,35427.29,1597.43
Germany,Platinum,Mobile,2025-01,244,3,36596.13,282.1
Germany,Platinum,Mobile,2025-02,215,6,31204.68,1256.92
Germany,Platinum,Mobile,2025-03,267,4,39414.54,220.57
Germany,Platinum,Mobile,2025-04,245,3,35446.41,721.89
Germany,Platinum,Mobile,2025-05,252,4,35130.7,586.56
Germany,Platinum,Mobile,2025-06,243,5,37672.02,545.3
Germany,Platinum,Mobile,2025-07,255,4,35003.21,168.70999999999998
Germany,Platinum,Mobile,2025-08,264,2,40239.09,181.07999999999998
Germany,Platinum,Mobile,2025-09,260,2,34069.96,381.91999999999996
Germany,Platinum,Terminal,2024-01,250,3,37907.67,1071.5900000000001
Germany,Platinum,Terminal,2024-02,236,3,36194.61,316.36
Germany,Platinum,Terminal,2024-03,265,3,38491.19,452.33
Germany,Platinum,Terminal,2024-04,246,9,33333.16,1797.5600000000002
Germany,Platinum,Terminal,2024-05,273,2,35020.18,188.71
Germany,Platinum,Terminal,2024-06,266,7,36849.82,1289.24
Germany,Platinum,Terminal,2024-07,255,9,38991.91,1196.89
Germany,Platinum,Terminal,2024-08,241,3,35127.19,86.9
Germany,Platinum,Terminal,2024-09,244,5,34008.07,733.26
Germany,Platinum,Terminal,2024-10,265,2,40126.65,200.9
Germany,Platinum,Terminal,2024-11,263,5,37105.02,455.46000000000004
Germany,Platinum,Terminal,2024-12,269,5,38068.0,603.42
Germany,Platinum,Terminal,2025-01,249,4,33234.68,284.86
Germany,Platinum,Terminal,2025-02,228,3,32575.06,359.65
Germany,Platinum,Terminal,2025-03,270,1,36815.14,49.51
Germany,Platinum,Terminal,2025-04,248,4,34245.43,696.26
Germany,Platinum,Terminal,2025-05,242,3,35561.5,278.92
Germany,Platinum,Terminal,2025-06,257,4,39005.62,320.0
Germany,Platinum,Terminal,2025-07,256,6,34806.07,714.29
Germany,Platinum,Terminal,2025-08,265,5,37992.45,1325.27
Germany,Platinum,Terminal,2025-09,227,4,30674.06,1304.53
Germany,Platinum,Web,2024-01,244,4,35201.49,432.68
Germany,Platinum,Web,2024-02,238,3,34972.4,309.38
Germany,Platinum,Web,2024-03,262,4,37109.92,317.47
Germany,Platinum,Web,2024-04,224,4,33264.0,424.4
Germany,Platinum,Web,2024-05,240,5,35819.72,1060.82
Germany,Platinum,Web,2024-06,234,6,31579.35,458.4
Germany,Platinum,Web,2024-07,271,4,41757.75,458.64
Germany,Platinum,Web,2024-08,245,5,37087.36,1030.76
Germany,Platinum,Web,2024-09,237,5,33010.15,437.6
Germany,Platinum,Web,2024-10,253,5,37945.01,815.62
Germany,Platinum,Web,2024-11,258,5,35091.68,1066.55
Germany,Platinum,Web,2024-12,223,5,33317.99,688.58
Germany,Platinum,Web,2025-01,236,3,31016.26,582.64
Germany,Platinum,Web,2025-02,243,2,34109.01,358.71
Germany,Platinum,Web,2025-03,236,3,35929.76,427.93999999999994
Germany,Platinum,Web,2025-04,226,1,31688.54,104.51
Germany,Platinum,Web,2025-05,275,2,38293.61,88.87
Germany,Platinum,Web,2025-06,269,7,39993.25,832.67
Germany,Platinum,Web,2025-07,237,3,34030.35,280.99
Germany,Platinum,Web,2025-08,236,2,37233.89,186.55
Germany,Platinum,Web,2025-09,224,4,32704.38,577.28
India,Credit,Mobile,2024-01,265,2,42478.18,517.13
India,Credit,Mobile,2024-02,238,2,34269.12,185.2
India,Credit,Mobile,2024-03,231,4,32556.32,488.87
India,Credit,Mobile,2024-04,241,2,34589.0,221.42
India,Credit,Mobile,2024-05,239,1,35464.17,448.57
India,Credit,Mobile,2024-06,236,4,34535.9,233.68
India,Credit,Mobile,2024-07,261,4,35212.26,291.03999999999996
India,Credit,Mobile,2024-08,264,2,42212.7,268.86
India,Credit,Mobile,2024-09,256,1,35529.97,45.98
India,Credit,Mobile,2024-10,271,5,38179.99,324.57
India,Credit,Mobile,2024-11,227,1,33425.0,48.17
India,Credit,Mobile,2024-12,231,7,31683.43,1057.71
India,Credit,Mobile,2025-01,258,5,36970.99,1348.6100000000001
India,Credit,Mobile,2025-02,221,1,31259.38,55.37
India,Credit,Mobile,2025-03,276,6,39676.85,523.09
India,Credit,Mobile,2025-04,252,6,37414.17,1321.65
India,Credit,Mobile,2025-05,286,6,41151.9,731.96
India,Credit,Mobile,2025-06,246,4,36123.27,339.61
India,Credit,Mobile,2025-07,229,3,30275.68,257.90000000000003
India,Credit,Mobile,2025-08,255,3,39657.54,388.65
India,Credit,Mobile,2025-09,224,3,32081.079999999998,597.1700000000001
India,Credit,Terminal,2024-01,230,3,34762.24,705.13
India,Credit,Terminal,2024-02,242,5,35237.65,674.52
India,Credit,Terminal,2024-03,259,4,37268.02,808.6
India,Credit,Terminal,2024-04,233,3,31723.69,497.96
India,Credit,Terminal,2024-05,253,5,35455.35,354.2
India,Credit,Terminal,2024-06,241,3,34968.0,586.27
India,Credit,Terminal,2024-07,264,6,37956.18,1173.82
India,Credit,Terminal,2024-08,251,5,37654.53,1168.48
India,Credit,Terminal,2024-09,249,4,34418.39,634.79
India,Credit,Terminal,2024-10,263,3,37572.3,351.81
India,Credit,Terminal,2024-11,232,4,35841.44,1219.56
India,Credit,Terminal,2024-12,240,3,36827.72,429.57
India,Credit,Terminal,2025-01,265,5,38230.79,743.79
India,Credit,Terminal,2025-02,233,2,35958.85,597.43
India,Credit,Terminal,2025-03,241,6,35697.2,1215.35
India,Credit,Terminal,2025-04,245,2,36229.76,174.17000000000002
India,Credit,Terminal,2025-05,264,4,42404.37,696.19
India,Credit,Terminal,2025-06,261,3,35559.95,179.88
India,Credit,Terminal,2025-07,237,2,31909.51,133.48
India,Credit,Terminal,2025-08,244,6,37420.79,1067.95
India,Credit,Terminal,2025-09,249,2,37877.04,160.6
India,Credit,Web,2024-01,251,3,36569.08,228.03
India,Credit,Web,2024-02,241,3,35243.23,1083.25
India,Credit,Web,2024-03,263,6,38163.81,610.12
India,Credit,Web,2024-04,232,2,37286.22,382.43
India,Credit,Web,2024-05,262,2,40622.65,90.99000000000001
India,Credit,Web,2024-06,242,3,32233.73,289.29
India,Credit,Web,2024-07,286,3,40092.73,535.62
India,Credit,Web,2024-08,252,4,37602.59,300.28
India,Credit,Web,2024-09,235,4,30275.85,217.31
India,Credit,Web,2024-10,245,2,34579.65,158.95999999999998
India,Credit,Web,2024-11,251,5,33979.090000000004,540.26
India,Credit,Web,2024-12,232,5,36575.14,345.17
India,Credit,Web,2025-01,276,6,43775.76,1084.0
India,Credit,Web,2025-02,200,4,26634.45,490.47
India,Credit,Web,2025-03,241,2,30168.02,331.77
India,Credit,Web,2025-04,243,2,35210.8,522.23
India,Credit,Web,2025-05,242,5,31783.24,466.02
India,Credit,Web,2025-06,256,7,34791.88,723.1500000000001
India,Credit,Web,2025-07,278,2,41576.48,269.87
India,Credit,Web,2025-08,242,6,37572.56,582.45
India,Credit,Web,2025-09,238,2,34049.59,626.16
India,Debit,Mobile,2024-01,239,6,33015.23,771.4
India,Debit,Mobile,2024-02,218,5,28170.61,919.95
India,Debit,Mobile,2024-03,258,2,37421.65,230.73
India,Debit,Mobile,2024-04,238,2,33395.28,220.48999999999998
India,Debit,Mobile,2024-05,240,5,33039.48,665.4200000000001
India,Debit,Mobile,2024-06,261,6,35565.56,852.3100000000001
India,Debit,Mobile,2024-07,224,1,30025.43,100.02
India,Debit,Mobile,2024-08,285,8,44857.91,1513.0
India,Debit,Mobile,2024-09,243,5,34513.59,572.04
India,Debit,Mobile,2024-10,250,4,34595.53,330.49
India,Debit,Mobile,2024-11,267,5,38047.75,559.22
India,Debit,Mobile,2024-12,250,4,36552.6,398.88
India,Debit,Mobile,2025-01,258,4,38090.31,948.9300000000001
India,Debit,Mobile,2025-02,229,6,35675.78,914.6
India,Debit,Mobile,2025-03,242,2,37028.02,474.81
India,Debit,Mobile,2025-04,248,5,37437.64,317.71
India,Debit,Mobile,2025-05,259,1,38927.08,93.16
India,Debit,Mobile,2025-06,261,4,37477.18,700.8100000000001
India,Debit,Mobile,2025-07,270,3,41931.79,599.54
India,Debit,Mobile,2025-08,260,8,37576.840000000004,1085.16
India,Debit,Mobile,2025-09,224,3,29560.91,632.27
India,Debit,Terminal,2024-01,234,4,33781.03,390.05
India,Debit,Terminal,2024-02,226,6,30105.28,804.6800000000001
India,Debit,Terminal,2024-03,228,6,32429.06,970.81
India,Debit,Terminal,2024-04,268,5,36294.48,852.09
India,Debit,Terminal,2024-05,266,2,39969.7,787.3900000000001
India,Debit,Terminal,2024-06,235,5,30900.09,541.39
India,Debit,Terminal,2024-07,253,4,34839.5,943.59
India,Debit,Terminal,2024-08,285,5,41642.53,1057.17
India,Debit,Terminal,2024-09,207,1,29351.99,85.44
India,Debit,Terminal,2024-10,253,4,38698.98,492.88000000000005
India,Debit,Terminal,2024-11,249,4,33818.9,331.89
India,Debit,Terminal,2024-12,253,5,39885.68,775.61
India,Debit,Terminal,2025-01,248,6,32851.62,666.06
India,Debit,Terminal,2025-02,248,5,38290.67,683.47
India,Debit,Terminal,2025-03,277,0,39649.85,0.0
India,Debit,Terminal,2025-04,239,4,34157.25,624.14
India,Debit,Terminal,2025-05,278,4,39845.48,359.53000000000003
India,Debit,Terminal,2025-06,263,5,35723.92,507.95000000000005
India,Debit,Terminal,2025-07,242,7,36877.75,1181.49
India,Debit,Terminal,2025-08,236,6,34319.22,979.5200000000001
India,Debit,Terminal,2025-09,223,3,33488.22,162.15
India,Debit,Web,2024-01,282,6,43865.29,1363.55
India,Debit,Web,2024-02,222,1,31305.73,53.5
India,Debit,Web,2024-03,276,4,38485.82,408.61
India,Debit,Web,2024-04,236,3,34887.42,457.54
India,Debit,Web,2024-05,252,4,35986.25,494.35
India,Debit,Web,2024-06,236,5,35321.17,398.92
India,Debit,Web,2024-07,248,7,31182.78,638.79
India,Debit,Web,2024-08,236,3,33375.23,311.24
India,Debit,Web,2024-09,263,1,41044.76,187.89
India,Debit,Web,2024-10,283,5,43932.42,658.39
India,Debit,Web,2024-11,235,4,36810.4,416.2
India,Debit,Web,2024-12,241,7,36114.12,787.05
India,Debit,Web,2025-01,239,3,36042.07,432.7
India,Debit,Web,2025-02,209,4,27307.12,267.25
India,Debit,Web,2025-03,267,2,38456.44,456.5
India,Debit,Web,2025-04,236,6,33148.37,498.9
India,Debit,Web,2025-05,249,1,38218.13,196.37
India,Debit,Web,2025-06,242,1,34036.22,11.89
India,Debit,Web,2025-07,232,3,30235.09,599.4399999999999
India,Debit,Web,2025-08,258,4,35446.41,720.62
India,Debit,Web,2025-09,224,0,33916.39,0.0
India,Gold,Mobile,2024-01,245,5,35274.98,476.46000000000004
India,Gold,Mobile,2024-02,238,0,36090.06,0.0
India,Gold,Mobile,2024-03,279,4,40960.5,400.65
India,Gold,Mobile,2024-04,228,2,35154.11,200.45
India,Gold,Mobile,2024-05,240,4,36309.0,703.23
India,Gold,Mobile,2024-06,240,5,36127.71,836.49
India,Gold,Mobile,2024-07,262,12,37054.05,1902.71
India,Gold,Mobile,2024-08,242,5,36763.18,532.09
India,Gold,Mobile,2024-09,232,2,34878.61,142.29000000000002
India,Gold,Mobile,2024-10,275,3,39680.64,256.96
India,Gold,Mobile,2024-11,238,0,36234.62,0.0
India,Gold,Mobile,2024-12,287,3,42993.34,506.21000000000004
India,Gold,Mobile,2025-01,270,6,40298.46,797.83
India,Gold,Mobile,2025-02,218,3,30584.32,802.55
India,Gold,Mobile,2025-03,251,0,37442.53,0.0
India,Gold,Mobile,2025-04,236,2,33824.0,190.41
India,Gold,Mobile,2025-05,243,1,35287.59,70.96
India,Gold,Mobile,2025-06,241,6,34419.24,991.79
India,Gold,Mobile,2025-07,235,1,33521.92,201.76
India,Gold,Mobile,2025-08,263,6,35769.26,973.71
India,Gold,Mobile,2025-09,224,2,33707.87,228.39
India,Gold,Terminal,2024-01,251,7,35344.7,1084.11
India,Gold,Terminal,2024-02,218,7,32959.43,1488.21
India,Gold,Terminal,2024-03,251,4,38027.47,748.61
India,Gold,Terminal,2024-04,242,4,34500.82,1271.6399999999999
India,Gold,Terminal,2024-05,279,5,41489.02,838.36
India,Gold,Terminal,2024-06,210,3,28790.32,448.11
India,Gold,Terminal,2024-07,239,3,35058.72,502.88999999999993
India,Gold,Terminal,2024-08,229,3,31558.36,679.6300000000001
India,Gold,Terminal,2024-09,226,4,32944.93,501.26
India,Gold,Terminal,2024-10,242,4,34664.06,344.61
India,Gold,Terminal,2024-11,269,4,37912.36,250.96
India,Gold,Terminal,2024-12,254,0,36234.67,0.0
India,Gold,Terminal,2025-01,234,5,37722.11,588.8299999999999
India,Gold,Terminal,2025-02,228,2,32558.87,304.88
India,Gold,Terminal,2025-03,260,4,36484.44,279.92
India,Gold,Terminal,2025-04,277,6,38739.22,682.01
India,Gold,Terminal,2025-05,258,2,41252.75,220.14
India,Gold,Terminal,2025-06,265,3,40864.43,720.75
India,Gold,Terminal,2025-07,266,3,41549.32,704.96
India,Gold,Terminal,2025-08,253,2,37403.23,138.82
India,Gold,Terminal,2025-09,249,5,36444.17,925.45
India,Gold,Web,2024-01,242,4,34725.24,337.28
India,Gold,Web,2024-02,236,0,37726.86,0.0
India,Gold,Web,2024-03,225,2,31005.52,213.43
India,Gold,Web,2024-04,258,4,38174.06,792.21
India,Gold,Web,2024-05,264,3,37603.3,667.03
India,Gold,Web,2024-06,237,4,33523.33,264.53999999999996
India,Gold,Web,2024-07,253,3,33536.6,331.33000000000004
India,Gold,Web,2024-08,241,7,32309.2,1424.92
India,Gold,Web,2024-09,258,4,36826.53,533.36
India,Gold,Web,2024-10,232,3,31490.4,387.98
India,Gold,Web,2024-11,207,4,30061.09,734.7900000000001
India,Gold,Web,2024-12,257,6,32966.87,1512.39
India,Gold,Web,2025-01,277,3,39273.38,396.11
India,Gold,Web,2025-02,216,0,29470.76,0.0
India,Gold,Web,2025-03,264,3,35570.94,159.79
India,Gold,Web,2025-04,229,2,35910.99,286.59
India,Gold,Web,2025-05,259,2,42185.17,126.32
India,Gold,Web,2025-06,246,5,36470.48,624.6800000000001
India,Gold,Web,2025-07,225,7,32614.15,1173.52
India,Gold,Web,2025-08,252,3,39270.51,294.15
India,Gold,Web,2025-09,231,5,35446.64,561.38
India,Platinum,Mobile,2024-01,270,3,39432.14,267.6
India,Platinum,Mobile,2024-02,236,2,32830.73,594.69
India,Platinum,Mobile,2024-03,236,11,34998.32,1420.06
India,Platinum,Mobile,2024-04,231,1,35197.03,155.15
India,Platinum,Mobile,2024-05,224,4,34417.24,201.05
India,Platinum,Mobile,2024-06,269,2,36604.66,261.70000000000005
India,Platinum,Mobile,2024-07,271,4,39256.76,465.12
India,Platinum,Mobile,2024-08,269,7,37589.69,1029.78
India,Platinum,Mobile,2024-09,251,8,36793.57,1313.5
India,Platinum,Mobile,2024-10,246,4,36895.9,285.53
India,Platinum,Mobile,2024-11,275,4,36432.68,783.14
India,Platinum,Mobile,2024-12,254,4,34533.93,383.65999999999997
India,Platinum,Mobile,2025-01,255,4,34082.15,377.84
India,Platinum,Mobile,2025-02,217,3,31937.88,184.86
India,Platinum,Mobile,2025-03,247,2,38690.37,148.78
India,Platinum,Mobile,2025-04,238,4,34493.01,492.49
India,Platinum,Mobile,2025-05,233,6,34911.83,611.17
India,Platinum,Mobile,2025-06,240,4,36422.55,798.0699999999999
India,Platinum,Mobile,2025-07,255,4,40158.59,444.12
India,Platinum,Mobile,2025-08,215,5,31911.78,320.46
India,Platinum,Mobile,2025-09,253,2,37846.51,732.39
India,Platinum,Terminal,2024-01,237,3,35832.74,365.7
India,Platinum,Terminal,2024-02,233,3,34021.86,216.44
India,Platinum,Terminal,2024-03,233,6,32167.29,1069.9
India,Platinum,Terminal,2024-04,232,8,33747.98,1328.22
India,Platinum,Terminal,2024-05,263,5,37388.37,470.15999999999997
India,Platinum,Terminal,2024-06,266,9,35982.78,1051.64
India,Platinum,Terminal,2024-07,247,3,35121.17,1141.78
India,Platinum,Terminal,2024-08,270,5,37997.39,761.61
India,Platinum,Terminal,2024-09,260,7,35973.17,810.17
India,Platinum,Terminal,2024-10,259,2,41399.65,90.87
India,Platinum,Terminal,2024-11,254,4,35786.6,317.43
India,Platinum,Terminal,2024-12,275,5,36911.51,718.3
India,Platinum,Terminal,2025-01,274,5,39014.27,573.4399999999999
India,Platinum,Terminal,2025-02,222,6,33727.26,1290.82
India,Platinum,Terminal,2025-03,251,2,39478.69,294.14
India,Platinum,Terminal,2025-04,243,6,36801.32,1048.24
India,Platinum,Terminal,2025-05,255,4,38678.28,414.18
India,Platinum,Terminal,2025-06,240,5,33992.8,699.46
India,Platinum,Terminal,2025-07,266,4,38527.65,436.86
India,Platinum,Terminal,2025-08,243,7,31502.3,809.37
India,Platinum,Terminal,2025-09,263,8,41537.4,1057.34
India,Platinum,Web,2024-01,251,5,36426.51,781.04
India,Platinum,Web,2024-02,211,1,33689.32,53.69
India,Platinum,Web,2024-03,275,3,38331.88,334.87
India,Platinum,Web,2024-04,251,3,40257.38,181.1
India,Platinum,Web,2024-05,247,7,34086.82,824.79
India,Platinum,Web,2024-06,252,3,41371.02,786.8000000000001
India,Platinum,Web,2024-07,250,1,37943.7,334.39
India,Platinum,Web,2024-08,244,2,36180.44,705.55
India,Platinum,Web,2024-09,254,4,37238.03,849.92
India,Platinum,Web,2024-10,274,3,37108.71,326.87
India,Platinum,Web,2024-11,230,5,35458.78,876.8900000000001
India,Platinum,Web,2024-12,252,5,34307.03,909.03
India,Platinum,Web,2025-01,232,0,34440.65,0.0
India,Platinum,Web,2025-02,232,5,33451.4,1051.3999999999999
India,Platinum,Web,2025-03,256,4,36519.23,745.23
India,Platinum,Web,2025-04,247,1,35724.23,187.5
India,Platinum,Web,2025-05,251,3,37929.86,741.29
India,Platinum,Web,2025-06,243,4,34327.64,306.06
India,Platinum,Web,2025-07,238,2,37197.81,136.83
India,Platinum,Web,2025-08,266,2,39746.72,336.45000000000005
India,Platinum,Web,2025-09,215,1,32924.0,227.71
Singapore,Credit,Mobile,2024-01,246,3,36611.38,269.84000000000003
Singapore,Credit,Mobile,2024-02,210,1,30422.8,95.93
Singapore,Credit,Mobile,2024-03,245,5,33462.2,698.73
Singapore,Credit,Mobile,2024-04,255,5,35835.54,614.23
Singapore,Credit,Mobile,2024-05,230,5,30770.07,382.43
Singapore,Credit,Mobile,2024-06,257,4,36628.49,984.58
Singapore,Credit,Mobile,2024-07,243,2,37912.65,524.6700000000001
Singapore,Credit,Mobile,2024-08,257,4,36282.23,321.83000000000004
Singapore,Credit,Mobile,2024-09,238,2,35300.34,374.08000000000004
Singapore,Credit,Mobile,2024-10,286,4,41584.64,415.21000000000004
Singapore,Credit,Mobile,2024-11,270,5,40362.86,741.45
Singapore,Credit,Mobile,2024-12,263,7,39923.65,1250.1399999999999
Singapore,Credit,Mobile,2025-01,221,4,31445.5,760.74
Singapore,Credit,Mobile,2025-02,216,8,29858.23,1307.42
Singapore,Credit,Mobile,2025-03,257,3,36295.57,140.1
Singapore,Credit,Mobile,2025-04,256,4,37195.84,324.52
Singapore,Credit,Mobile,2025-05,258,2,36483.94,318.08000000000004
Singapore,Credit,Mobile,2025-06,228,3,34729.92,673.82
Singapore,Credit,Mobile,2025-07,225,2,32895.47,271.47
Singapore,Credit,Mobile,2025-08,268,4,40263.67,606.0699999999999
Singapore,Credit,Mobile,2025-09,250,4,36613.61,1325.4899999999998
Singapore,Credit,Terminal,2024-01,238,4,36754.42,604.25
Singapore,Credit,Terminal,2024-02,241,6,35895.56,765.5600000000001
Singapore,Credit,Terminal,2024-03,263,4,41155.22,1475.9
Singapore,Credit,Terminal,2024-04,225,3,31824.4,500.89
Singapore,Credit,Terminal,2024-05,266,5,38746.26,687.24
Singapore,Credit,Terminal,2024-06,239,4,31496.53,352.90999999999997
Singapore,Credit,Terminal,2024-07,285,9,44811.83,2181.38
Singapore,Credit,Terminal,2024-08,257,3,35173.64,212.22
Singapore,Credit,Terminal,2024-09,261,3,36252.52,235.04000000000002
Singapore,Credit,Terminal,2024-10,253,4,38793.92,419.74
Singapore,Credit,Terminal,2024-11,235,4,34796.39,692.0
Singapore,Credit,Terminal,2024-12,260,3,39616.41,1083.07
Singapore,Credit,Terminal,2025-01,246,4,37403.0,909.56
Singapore,Credit,Terminal,2025-02,249,4,32488.07,360.55
Singapore,Credit,Terminal,2025-03,221,5,31798.49,1385.81
Singapore,Credit,Terminal,2025-04,240,5,36651.51,732.91
Singapore,Credit,Terminal,2025-05,233,8,32669.46,2009.06
Singapore,Credit,Terminal,2025-06,240,5,34040.86,912.96
Singapore,Credit,Terminal,2025-07,214,2,28157.44,94.39
Singapore,Credit,Terminal,2025-08,206,5,29476.66,547.06
Singapore,Credit,Terminal,2025-09,241,6,32624.75,545.56
Singapore,Credit,Web,2024-01,243,4,36809.25,637.3
Singapore,Credit,Web,2024-02,204,2,31153.27,72.85000000000001
Singapore,Credit,Web,2024-03,254,5,37205.78,720.86
Singapore,Credit,Web,2024-04,238,3,33827.15,493.59000000000003
Singapore,Credit,Web,2024-05,269,3,36292.9,370.91999999999996
Singapore,Credit,Web,2024-06,206,4,30921.97,642.3399999999999
Singapore,Credit,Web,2024-07,232,0,31977.04,0.0
Singapore,Credit,Web,2024-08,227,3,33423.66,786.47
Singapore,Credit,Web,2024-09,240,3,36097.67,1065.93
Singapore,Credit,Web,2024-10,248,4,36734.41,243.76
Singapore,Credit,Web,2024-11,219,3,32605.78,237.56
Singapore,Credit,Web,2024-12,252,3,35782.62,298.27
Singapore,Credit,Web,2025-01,271,1,40469.72,129.88
Singapore,Credit,Web,2025-02,243,4,37401.94,562.73
Singapore,Credit,Web,2025-03,264,2,36121.69,278.04
Singapore,Credit,Web,2025-04,216,3,30754.6,477.77
Singapore,Credit,Web,2025-05,269,3,39472.47,245.96
Singapore,Credit,Web,2025-06,251,5,39002.28,691.23
Singapore,Credit,Web,2025-07,246,3,39050.62,440.62
Singapore,Credit,Web,2025-08,231,4,36333.3,430.01
Singapore,Credit,Web,2025-09,245,3,37850.28,251.34
Singapore,Debit,Mobile,2024-01,269,2,41241.27,470.09
Singapore,Debit,Mobile,2024-02,239,0,34316.02,0.0
Singapore,Debit,Mobile,2024-03,223,2,29329.36,249.04
Singapore,Debit,Mobile,2024-04,275,5,41054.26,722.8
Singapore,Debit,Mobile,2024-05,242,6,35957.39,772.52
Singapore,Debit,Mobile,2024-06,254,4,40045.9,523.1
Singapore,Debit,Mobile,2024-07,262,4,35419.91,609.61
Singapore,Debit,Mobile,2024-08,266,6,38786.35,755.12
Singapore,Debit,Mobile,2024-09,227,5,31237.75,870.65
Singapore,Debit,Mobile,2024-10,263,0,34495.15,0.0
Singapore,Debit,Mobile,2024-11,255,4,36690.66,777.92
Singapore,Debit,Mobile,2024-12,284,4,38812.04,1115.53
Singapore,Debit,Mobile,2025-01,231,2,33469.65,381.1
Singapore,Debit,Mobile,2025-02,222,4,29528.25,653.8199999999999
Singapore,Debit,Mobile,2025-03,215,2,34897.63,295.58000000000004
Singapore,Debit,Mobile,2025-04,236,4,32615.96,246.14999999999998
Singapore,Debit,Mobile,2025-05,232,0,34943.81,0.0
Singapore,Debit,Mobile,2025-06,275,3,39035.9,467.90999999999997
Singapore,Debit,Mobile,2025-07,217,5,30209.31,620.34
Singapore,Debit,Mobile,2025-08,272,2,38697.52,160.26
Singapore,Debit,Mobile,2025-09,220,4,29661.98,431.06
Singapore,Debit,Terminal,2024-01,234,3,36281.73,374.23
Singapore,Debit,Terminal,2024-02,244,5,35756.53,473.65
Singapore,Debit,Terminal,2024-03,266,5,37070.69,851.23
Singapore,Debit,Terminal,2024-04,236,3,33572.06,420.08
Singapore,Debit,Terminal,2024-05,263,4,38645.57,741.06
Singapore,Debit,Terminal,2024-06,247,7,34812.15,868.64
Singapore,Debit,Terminal,2024-07,246,4,33601.45,660.75
Singapore,Debit,Terminal,2024-08,256,6,36438.53,862.61
Singapore,Debit,Terminal,2024-09,254,2,38458.6,151.66
Singapore,Debit,Terminal,2024-10,272,4,39757.31,1188.1000000000001
Singapore,Debit,Terminal,2024-11,231,1,31254.71,176.56
Singapore,Debit,Terminal,2024-12,219,4,32373.3,517.15
Singapore,Debit,Terminal,2025-01,270,6,41262.5,1330.88
Singapore,Debit,Terminal,2025-02,250,4,38569.21,655.0
Singapore,Debit,Terminal,2025-03,258,4,36515.98,553.5699999999999
Singapore,Debit,Terminal,2025-04,246,5,35601.92,1188.94
Singapore,Debit,Terminal,2025-05,257,2,31995.29,242.51000000000002
Singapore,Debit,Terminal,2025-06,257,2,35920.02,128.12
Singapore,Debit,Terminal,2025-07,245,4,37440.65,585.15
Singapore,Debit,Terminal,2025-08,246,9,36555.94,712.93
Singapore,Debit,Terminal,2025-09,228,5,32861.99,531.04
Singapore,Debit,Web,2024-01,251,5,37965.4,899.9300000000001
Singapore,Debit,Web,2024-02,239,3,34819.4,226.75
Singapore,Debit,Web,2024-03,283,2,43598.74,324.41999999999996
Singapore,Debit,Web,2024-04,243,4,34603.2,616.21
Singapore,Debit,Web,2024-05,269,6,37135.97,876.77
Singapore,Debit,Web,2024-06,239,1,34314.01,143.44
Singapore,Debit,Web,2024-07,276,1,37676.35,49.75
Singapore,Debit,Web,2024-08,247,5,35819.29,1008.1099999999999
Singapore,Debit,Web,2024-09,251,2,36138.6,85.22
Singapore,Debit,Web,2024-10,240,2,37828.15,376.06
Singapore,Debit,Web,2024-11,234,6,37717.61,1411.06
Singapore,Debit,Web,2024-12,258,4,37370.39,744.32
Singapore,Debit,Web,2025-01,269,4,38182.81,452.99
Singapore,Debit,Web,2025-02,196,5,29715.35,550.2
Singapore,Debit,Web,2025-03,253,4,36612.59,346.03000000000003
Singapore,Debit,Web,2025-04,251,3,35976.88,889.1600000000001
Singapore,Debit,Web,2025-05,256,5,36860.83,585.48
Singapore,Debit,Web,2025-06,269,5,37313.92,809.71
Singapore,Debit,Web,2025-07,228,1,31961.77,342.54
Singapore,Debit,Web,2025-08,264,5,38142.7,456.2
Singapore,Debit,Web,2025-09,232,2,34191.97,112.22
Singapore,Gold,Mobile,2024-01,269,3,35727.21,550.36
Singapore,Gold,Mobile,2024-02,231,3,34573.46,533.62
Singapore,Gold,Mobile,2024-03,248,3,35131.45,592.11
Singapore,Gold,Mobile,2024-04,244,5,33518.4,802.74
Singapore,Gold,Mobile,2024-05,281,5,44545.52,1420.63
Singapore,Gold,Mobile,2024-06,243,1,34991.02,119.24
Singapore,Gold,Mobile,2024-07,271,5,39616.2,489.32
Singapore,Gold,Mobile,2024-08,261,3,37301.57,683.77
Singapore,Gold,Mobile,2024-09,248,7,37933.73,1271.68
Singapore,Gold,Mobile,2024-10,280,7,37949.4,1040.9099999999999
Singapore,Gold,Mobile,2024-11,237,3,34218.06,407.95
Singapore,Gold,Mobile,2024-12,264,5,36460.86,686.6500000000001
Singapore,Gold,Mobile,2025-01,248,4,36623.73,586.65
Singapore,Gold,Mobile,2025-02,219,1,34646.35,569.74
Singapore,Gold,Mobile,2025-03,245,1,35022.44,57.71
Singapore,Gold,Mobile,2025-04,226,4,32926.69,519.37
Singapore,Gold,Mobile,2025-05,257,6,34430.65,1422.63
Singapore,Gold,Mobile,2025-06,230,2,33851.93,197.52999999999997
Singapore,Gold,Mobile,2025-07,276,4,38139.62,546.59
Singapore,Gold,Mobile,2025-08,254,1,33092.32,64.54
Singapore,Gold,Mobile,2025-09,229,5,31387.170000000002,846.75
Singapore,Gold,Terminal,2024-01,251,1,36081.37,79.14
Singapore,Gold,Terminal,2024-02,201,2,31089.03,291.71000000000004
Singapore,Gold,Terminal,2024-03,254,4,35673.1,453.11
Singapore,Gold,Terminal,2024-04,250,1,37845.9,147.33
Singapore,Gold,Terminal,2024-05,275,8,42066.86,1708.3
Singapore,Gold,Terminal,2024-06,278,3,42885.89,479.62999999999994
Singapore,Gold,Terminal,2024-07,269,8,38544.1,1810.46
Singapore,Gold,Terminal,2024-08,250,3,34805.69,310.23
Singapore,Gold,Terminal,2024-09,254,9,35763.28,923.5699999999999
Singapore,Gold,Terminal,2024-10,255,5,35327.13,449.57
Singapore,Gold,Terminal,2024-11,257,5,43140.39,465.57000000000005
Singapore,Gold,Terminal,2024-12,239,3,31879.36,377.65999999999997
Singapore,Gold,Terminal,2025-01,221,4,34922.95,1255.39
Singapore,Gold,Terminal,2025-02,227,2,35387.04,140.7
Singapore,Gold,Terminal,2025-03,246,2,34585.26,176.18
Singapore,Gold,Terminal,2025-04,234,0,32614.36,0.0
Singapore,Gold,Terminal,2025-05,271,4,38265.94,323.11
Singapore,Gold,Terminal,2025-06,257,4,38268.68,459.11
Singapore,Gold,Terminal,2025-07,252,6,39964.93,809.22
Singapore,Gold,Terminal,2025-08,272,3,38400.32,272.73
Singapore,Gold,Terminal,2025-09,242,6,36850.87,498.59999999999997
Singapore,Gold,Web,2024-01,257,4,35146.56,385.78
Singapore,Gold,Web,2024-02,237,2,35254.72,167.66000000000003
Singapore,Gold,Web,2024-03,267,0,36227.58,0.0
Singapore,Gold,Web,2024-04,247,2,38429.87,550.71
Singapore,Gold,Web,2024-05,246,5,32566.64,309.96000000000004
Singapore,Gold,Web,2024-06,247,3,36730.29,312.77
Singapore,Gold,Web,2024-07,256,6,37371.12,791.42
Singapore,Gold,Web,2024-08,222,4,33329.68,593.0799999999999
Singapore,Gold,Web,2024-09,251,3,35157.09,374.17
Singapore,Gold,Web,2024-10,258,3,38853.82,356.2
Singapore,Gold,Web,2024-11,237,4,34360.64,294.62
Singapore,Gold,Web,2024-12,258,4,37391.35,859.1400000000001
Singapore,Gold,Web,2025-01,237,3,35004.79,1141.03
Singapore,Gold,Web,2025-02,230,1,31904.1,120.17
Singapore,Gold,Web,2025-03,261,4,35759.92,392.85
Singapore,Gold,Web,2025-04,243,2,39229.06,201.27
Singapore,Gold,Web,2025-05,281,2,38515.33,242.66
Singapore,Gold,Web,2025-06,258,4,34377.92,896.46
Singapore,Gold,Web,2025-07,257,4,35942.82,433.07
Singapore,Gold,Web,2025-08,262,2,37451.27,83.61
Singapore,Gold,Web,2025-09,248,3,37846.0,456.92999999999995
Singapore,Platinum,Mobile,2024-01,252,6,39750.8,1710.3700000000001
Singapore,Platinum,Mobile,2024-02,218,4,30439.24,523.0699999999999
Singapore,Platinum,Mobile,2024-03,256,6,38053.63,901.3
Singapore,Platinum,Mobile,2024-04,228,3,35417.84,290.53
Singapore,Platinum,Mobile,2024-05,258,5,44247.74,883.16
Singapore,Platinum,Mobile,2024-06,267,6,38950.14,1049.9
Singapore,Platinum,Mobile,2024-07,251,4,38230.31,431.33
Singapore,Platinum,Mobile,2024-08,273,1,44150.85,70.2
Singapore,Platinum,Mobile,2024-09,257,9,36972.24,998.8399999999999
Singapore,Platinum,Mobile,2024-10,258,0,35674.93,0.0
Singapore,Platinum,Mobile,2024-11,244,4,35231.32,337.2
Singapore,Platinum,Mobile,2024-12,262,4,35953.91,273.62
Singapore,Platinum,Mobile,2025-01,284,2,40441.98,375.92
Singapore,Platinum,Mobile,2025-02,243,3,36619.6,168.22
Singapore,Platinum,Mobile,2025-03,241,1,34031.01,4.14
Singapore,Platinum,Mobile,2025-04,253,3,36245.21,529.25
Singapore,Platinum,Mobile,2025-05,233,3,37749.5,824.0699999999999
Singapore,Platinum,Mobile,2025-06,222,1,31048.99,115.86
Singapore,Platinum,Mobile,2025-07,254,5,37517.71,640.75
Singapore,Platinum,Mobile,2025-08,263,8,35469.52,1322.82
Singapore,Platinum,Mobile,2025-09,245,3,34060.05,417.26
Singapore,Platinum,Terminal,2024-01,278,1,42142.53,117.73
Singapore,Platinum,Terminal,2024-02,236,2,35285.37,92.5
Singapore,Platinum,Terminal,2024-03,268,3,38607.42,453.18999999999994
Singapore,Platinum,Terminal,2024-04,214,4,27543.03,996.33
Singapore,Platinum,Terminal,2024-05,240,4,34666.98,684.56
Singapore,Platinum,Terminal,2024-06,212,1,32986.55,98.62
Singapore,Platinum,Terminal,2024-07,264,3,38799.24,304.29999999999995
Singapore,Platinum,Terminal,2024-08,242,5,33451.62,489.07
Singapore,Platinum,Terminal,2024-09,207,2,28721.36,821.3699999999999
Singapore,Platinum,Terminal,2024-10,226,2,32220.14,450.41999999999996
Singapore,Platinum,Terminal,2024-11,219,5,33495.65,647.83
Singapore,Platinum,Terminal,2024-12,270,6,42157.69,927.14
Singapore,Platinum,Terminal,2025-01,233,4,34525.4,582.2
Singapore,Platinum,Terminal,2025-02,223,9,30819.87,1088.26
Singapore,Platinum,Terminal,2025-03,241,1,37211.62,90.78
Singapore,Platinum,Terminal,2025-04,258,3,37100.9,679.5699999999999
Singapore,Platinum,Terminal,2025-05,240,4,36151.67,627.93
Singapore,Platinum,Terminal,2025-06,232,5,33259.9,1550.55
Singapore,Platinum,Terminal,2025-07,241,4,32825.23,574.04
Singapore,Platinum,Terminal,2025-08,238,3,34374.37,323.59
Singapore,Platinum,Terminal,2025-09,241,5,37548.21,764.72
Singapore,Platinum,Web,2024-01,246,7,38907.42,1000.56
Singapore,Platinum,Web,2024-02,275,3,43176.01,1267.3200000000002
Singapore,Platinum,Web,2024-03,261,2,37462.22,94.6
Singapore,Platinum,Web,2024-04,249,3,36611.22,382.8
Singapore,Platinum,Web,2024-05,266,3,38096.51,249.4
Singapore,Platinum,Web,2024-06,260,8,38473.82,1565.41
Singapore,Platinum,Web,2024-07,251,3,32118.91,491.46000000000004
Singapore,Platinum,Web,2024-08,265,5,34236.62,1066.58
Singapore,Platinum,Web,2024-09,259,4,37383.61,332.95
Singapore,Platinum,Web,2024-10,247,8,37817.15,1305.43
Singapore,Platinum,Web,2024-11,270,2,41410.76,304.27
Singapore,Platinum,Web,2024-12,261,2,39158.07,208.94
Singapore,Platinum,Web,2025-01,233,3,35062.68,400.46
Singapore,Platinum,Web,2025-02,217,1,30868.24,64.25
Singapore,Platinum,Web,2025-03,257,5,37989.27,417.36
Singapore,Platinum,Web,2025-04,228,2,36601.94,701.48
Singapore,Platinum,Web,2025-05,264,2,42562.12,531.79
Singapore,Platinum,Web,2025-06,217,4,33036.78,661.41
Singapore,Platinum,Web,2025-07,254,4,37765.0,884.5699999999999
Singapore,Platinum,Web,2025-08,220,5,29993.19,842.73
Singapore,Platinum,Web,2025-09,210,2,30023.71,52.7
UK,Credit,Mobile,2024-01,266,5,39304.909999999996,509.90000000000003
UK,Credit,Mobile,2024-02,264,3,37795.67,241.14
UK,Credit,Mobile,2024-03,261,4,37584.44,257.84
UK,Credit,Mobile,2024-04,228,1,27704.16,272.32
UK,Credit,Mobile,2024-05,267,4,41416.92,383.74
UK,Credit,Mobile,2024-06,249,2,36315.63,496.01
UK,Credit,Mobile,2024-07,254,7,36702.01,1189.51
UK,Credit,Mobile,2024-08,243,3,33538.4,285.3
UK,Credit,Mobile,2024-09,276,7,40267.99,767.14
UK,Credit,Mobile,2024-10,257,6,40302.49,1549.6100000000001
UK,Credit,Mobile,2024-11,262,3,33952.58,518.23
UK,Credit,Mobile,2024-12,263,4,38056.52,925.6899999999999
UK,Credit,Mobile,2025-01,251,6,37653.61,767.73
UK,Credit,Mobile,2025-02,219,0,31700.08,0.0
UK,Credit,Mobile,2025-03,252,5,35640.25,467.68
UK,Credit,Mobile,2025-04,237,4,30918.15,779.77
UK,Credit,Mobile,2025-05,261,3,36442.89,207.85
UK,Credit,Mobile,2025-06,267,1,40565.76,59.7
UK,Credit,Mobile,2025-07,253,3,34908.69,349.58
UK,Credit,Mobile,2025-08,268,4,42647.42,372.58
UK,Credit,Mobile,2025-09,248,4,36658.85,314.99
UK,Credit,Terminal,2024-01,259,5,37192.32,797.9699999999999
UK,Credit,Terminal,2024-02,249,5,33704.73,660.7
UK,Credit,Terminal,2024-03,251,2,34685.58,453.40999999999997
UK,Credit,Terminal,2024-04,244,2,34909.8,499.02
UK,Credit,Terminal,2024-05,278,5,44068.47,675.83
UK,Credit,Terminal,2024-06,255,4,38947.61,507.35
UK,Credit,Terminal,2024-07,254,5,35548.35,581.46
UK,Credit,Terminal,2024-08,229,7,33372.66,1026.1200000000001
UK,Credit,Terminal,2024-09,247,7,38607.52,643.84
UK,Credit,Terminal,2024-10,237,4,34152.96,1012.1700000000001
UK,Credit,Terminal,2024-11,245,6,39126.49,1030.21
UK,Credit,Terminal,2024-12,262,4,41587.6,433.95
UK,Credit,Terminal,2025-01,253,4,35426.69,452.97999999999996
UK,Credit,Terminal,2025-02,197,1,29212.6,15.14
UK,Credit,Terminal,2025-03,296,1,45807.86,492.73
UK,Credit,Terminal,2025-04,232,2,35261.42,167.33
UK,Credit,Terminal,2025-05,255,2,39157.97,124.98
UK,Credit,Terminal,2025-06,250,7,34422.03,1334.39
UK,Credit,Terminal,2025-07,242,7,33622.48,789.01
UK,Credit,Terminal,2025-08,244,2,39217.45,140.43
UK,Credit,Terminal,2025-09,229,5,34348.9,733.65
UK,Credit,Web,2024-01,233,3,32533.52,199.88
UK,Credit,Web,2024-02,214,5,29845.99,557.09
UK,Credit,Web,2024-03,269,4,37424.68,765.98
UK,Credit,Web,2024-04,240,4,38845.87,1026.35
UK,Credit,Web,2024-05,241,7,35720.86,434.12
UK,Credit,Web,2024-06,241,2,37240.38,292.5
UK,Credit,Web,2024-07,254,3,33145.15,374.02
UK,Credit,Web,2024-08,266,3,37930.62,303.35
UK,Credit,Web,2024-09,232,5,34301.27,931.45
UK,Credit,Web,2024-10,279,4,37524.56,524.53
UK,Credit,Web,2024-11,245,5,35790.79,745.49
UK,Credit,Web,2024-12,255,4,36288.86,741.5999999999999
UK,Credit,Web,2025-01,232,4,37036.04,381.44
UK,Credit,Web,2025-02,245,4,35121.63,822.4100000000001
UK,Credit,Web,2025-03,254,6,39795.99,1165.06
UK,Credit,Web,2025-04,263,5,40646.75,372.68
UK,Credit,Web,2025-05,274,8,42365.75,1358.79
UK,Credit,Web,2025-06,245,1,36975.3,507.12
UK,Credit,Web,2025-07,258,6,35283.16,742.04
UK,Credit,Web,2025-08,234,5,37257.38,286.33
UK,Credit,Web,2025-09,231,2,33329.81,718.97
UK,Debit,Mobile,2024-01,249,2,36658.92,185.63
UK,Debit,Mobile,2024-02,223,5,32281.08,807.57
UK,Debit,Mobile,2024-03,251,6,35434.41,680.9
UK,Debit,Mobile,2024-04,259,0,37471.71,0.0
UK,Debit,Mobile,2024-05,263,2,40475.34,171.76
UK,Debit,Mobile,2024-06,238,2,33771.53,136.34
UK,Debit,Mobile,2024-07,223,4,31170.01,514.44
UK,Debit,Mobile,2024-08,259,4,38623.21,832.8
UK,Debit,Mobile,2024-09,261,3,40347.07,78.32
UK,Debit,Mobile,2024-10,301,4,41359.47,525.33
UK,Debit,Mobile,2024-11,229,3,33766.15,388.64
UK,Debit,Mobile,2024-12,261,3,37945.46,370.54
UK,Debit,Mobile,2025-01,217,2,36149.59,660.89
UK,Debit,Mobile,2025-02,203,4,31000.03,539.5
UK,Debit,Mobile,2025-03,258,4,35660.86,1071.83
UK,Debit,Mobile,2025-04,219,2,29987.73,262.65999999999997
UK,Debit,Mobile,2025-05,289,3,41178.35,317.12
UK,Debit,Mobile,2025-06,238,3,37702.22,372.36
UK,Debit,Mobile,2025-07,258,7,36132.87,1100.22
UK,Debit,Mobile,2025-08,293,4,44942.19,461.98
UK,Debit,Mobile,2025-09,279,3,40186.21,333.94
UK,Debit,Terminal,2024-01,250,3,34462.15,284.25
UK,Debit,Terminal,2024-02,214,0,33289.0,0.0
UK,Debit,Terminal,2024-03,289,4,38397.87,491.19
UK,Debit,Terminal,2024-04,234,3,32350.59,132.43
UK,Debit,Terminal,2024-05,260,6,34600.7,669.83
UK,Debit,Terminal,2024-06,241,4,34116.26,420.37
UK,Debit,Terminal,2024-07,242,1,35957.51,163.77
UK,Debit,Terminal,2024-08,303,6,45653.35,1512.09
UK,Debit,Terminal,2024-09,247,0,37215.87,0.0
UK,Debit,Terminal,2024-10,255,3,36170.26,413.12
UK,Debit,Terminal,2024-11,245,5,34840.46,562.71
UK,Debit,Terminal,2024-12,230,4,33771.23,705.92
UK,Debit,Terminal,2025-01,265,3,40230.590000000004,403.75
UK,Debit,Terminal,2025-02,211,3,28309.35,596.66
UK,Debit,Terminal,2025-03,233,2,34640.49,499.10999999999996
UK,Debit,Terminal,2025-04,236,2,37160.78,271.08000000000004
UK,Debit,Terminal,2025-05,291,8,43513.51,2045.21
UK,Debit,Terminal,2025-06,240,4,30781.15,645.5
UK,Debit,Terminal,2025-07,233,3,33471.85,223.3
UK,Debit,Terminal,2025-08,236,3,34298.25,345.69
UK,Debit,Terminal,2025-09,221,2,33209.8,149.27
UK,Debit,Web,2024-01,254,3,37536.67,586.0200000000001
UK,Debit,Web,2024-02,250,1,37306.71,53.58
UK,Debit,Web,2024-03,239,6,35426.35,1083.9
UK,Debit,Web,2024-04,251,4,39211.99,232.31
UK,Debit,Web,2024-05,282,4,42513.76,310.68
UK,Debit,Web,2024-06,248,4,36706.39,260.82
UK,Debit,Web,2024-07,242,5,37061.61,497.6
UK,Debit,Web,2024-08,223,4,29650.25,281.47999999999996
UK,Debit,Web,2024-09,220,2,32952.12,214.57
UK,Debit,Web,2024-10,269,4,41484.2,122.37
UK,Debit,Web,2024-11,282,6,41851.46,734.6899999999999
UK,Debit,Web,2024-12,253,3,34510.83,708.96
UK,Debit,Web,2025-01,287,6,41988.58,762.03
UK,Debit,Web,2025-02,211,2,33030.85,49.16
UK,Debit,Web,2025-03,249,7,39175.67,1022.09
UK,Debit,Web,2025-04,263,6,38581.55,657.25
UK,Debit,Web,2025-05,234,5,35431.51,991.2199999999999
UK,Debit,Web,2025-06,242,3,35457.12,526.4200000000001
UK,Debit,Web,2025-07,261,3,39513.1,184.95
UK,Debit,Web,2025-08,223,8,31604.4,741.9000000000001
UK,Debit,Web,2025-09,230,7,35021.41,1622.21
UK,Gold,Mobile,2024-01,258,7,40225.36,1355.22
UK,Gold,Mobile,2024-02,261,3,39662.28,353.48
UK,Gold,Mobile,2024-03,248,4,37890.36,424.78
UK,Gold,Mobile,2024-04,250,4,40064.55,919.25
UK,Gold,Mobile,2024-05,238,3,35165.21,816.25
UK,Gold,Mobile,2024-06,258,5,37967.91,626.78
UK,Gold,Mobile,2024-07,269,4,41058.67,558.22
UK,Gold,Mobile,2024-08,245,5,38202.98,881.63
UK,Gold,Mobile,2024-09,253,3,38211.57,285.6
UK,Gold,Mobile,2024-10,288,2,40088.84,462.95
UK,Gold,Mobile,2024-11,226,8,29369.94,1052.03
UK,Gold,Mobile,2024-12,252,3,38015.47,535.4
UK,Gold,Mobile,2025-01,257,3,42384.55,281.06
UK,Gold,Mobile,2025-02,215,2,30825.39,126.81
UK,Gold,Mobile,2025-03,245,2,36452.71,74.16
UK,Gold,Mobile,2025-04,245,4,33909.85,374.52
UK,Gold,Mobile,2025-05,245,4,36499.13,1144.4
UK,Gold,Mobile,2025-06,221,2,31614.85,143.54
UK,Gold,Mobile,2025-07,254,3,37538.35,337.06
UK,Gold,Mobile,2025-08,258,4,33891.66,330.69
UK,Gold,Mobile,2025-09,248,2,33665.08,166.99
UK,Gold,Terminal,2024-01,252,2,36092.32,461.31
UK,Gold,Terminal,2024-02,199,1,26716.23,115.94
UK,Gold,Terminal,2024-03,246,4,35413.49,353.31
UK,Gold,Terminal,2024-04,233,4,34181.2,425.03000000000003
UK,Gold,Terminal,2024-05,223,2,32993.28,561.0
UK,Gold,Terminal,2024-06,263,3,40753.68,654.9000000000001
UK,Gold,Terminal,2024-07,266,5,38465.49,667.5699999999999
UK,Gold,Terminal,2024-08,254,7,36718.090000000004,554.34
UK,Gold,Terminal,2024-09,240,4,36005.88,713.26
UK,Gold,Terminal,2024-10,232,5,32069.45,714.73
UK,Gold,Terminal,2024-11,239,5,36579.53,312.35
UK,Gold,Terminal,2024-12,249,6,34406.83,635.54
UK,Gold,Terminal,2025-01,234,2,33608.59,272.26
UK,Gold,Terminal,2025-02,231,4,34151.8,652.24
UK,Gold,Terminal,2025-03,238,4,33789.54,316.35
UK,Gold,Terminal,2025-04,238,4,35758.68,384.45
UK,Gold,Terminal,2025-05,268,5,37455.16,406.77
UK,Gold,Terminal,2025-06,282,5,45516.11,983.54
UK,Gold,Terminal,2025-07,247,3,38221.03,855.13
UK,Gold,Terminal,2025-08,251,3,36493.7,437.63
UK,Gold,Terminal,2025-09,246,3,33848.44,446.1
UK,Gold,Web,2024-01,250,2,37122.37,331.81
UK,Gold,Web,2024-02,215,2,33702.4,167.57
UK,Gold,Web,2024-03,255,3,34827.53,894.13
UK,Gold,Web,2024-04,204,5,31788.22,571.47
UK,Gold,Web,2024-05,246,5,35177.48,1248.5900000000001
UK,Gold,Web,2024-06,277,7,43026.43,1273.46
UK,Gold,Web,2024-07,273,3,38286.52,299.22
UK,Gold,Web,2024-08,276,2,39413.96,438.19
UK,Gold,Web,2024-09,232,2,35603.97,290.28
UK,Gold,Web,2024-10,278,5,36840.51,708.66
UK,Gold,Web,2024-11,225,5,33687.53,834.73
UK,Gold,Web,2024-12,237,5,33345.94,1281.8
UK,Gold,Web,2025-01,242,5,34391.7,1085.4199999999998
UK,Gold,Web,2025-02,220,0,35323.84,0.0
UK,Gold,Web,2025-03,269,1,43021.36,51.82
UK,Gold,Web,2025-04,239,4,31295.96,621.06
UK,Gold,Web,2025-05,227,2,32590.26,609.34
UK,Gold,Web,2025-06,246,3,37694.84,147.68
UK,Gold,Web,2025-07,254,6,34803.61,1269.74
UK,Gold,Web,2025-08,257,5,36977.23,973.41
UK,Gold,Web,2025-09,227,3,33098.78,297.2
UK,Platinum,Mobile,2024-01,266,7,39897.23,838.23
UK,Platinum,Mobile,2024-02,241,5,36037.47,1029.47
UK,Platinum,Mobile,2024-03,235,3,34195.6,384.21000000000004
UK,Platinum,Mobile,2024-04,253,4,34989.13,200.42000000000002
UK,Platinum,Mobile,2024-05,253,3,34994.99,830.75
UK,Platinum,Mobile,2024-06,250,6,36201.2,892.67
UK,Platinum,Mobile,2024-07,261,3,34878.87,171.42
UK,Platinum,Mobile,2024-08,275,4,36417.84,595.21
UK,Platinum,Mobile,2024-09,240,6,34728.02,676.21
UK,Platinum,Mobile,2024-10,274,1,36996.21,167.52
UK,Platinum,Mobile,2024-11,246,6,35289.06,837.11
UK,Platinum,Mobile,2024-12,239,7,35126.35,1101.84
UK,Platinum,Mobile,2025-01,247,2,33904.97,162.37
UK,Platinum,Mobile,2025-02,224,5,32666.63,1344.27
UK,Platinum,Mobile,2025-03,271,0,39651.13,0.0
UK,Platinum,Mobile,2025-04,244,4,35902.21,718.65
UK,Platinum,Mobile,2025-05,252,7,38825.63,980.19
UK,Platinum,Mobile,2025-06,248,1,36860.32,43.61
UK,Platinum,Mobile,2025-07,271,4,36911.09,904.36
UK,Platinum,Mobile,2025-08,281,5,39575.04,413.7
UK,Platinum,Mobile,2025-09,242,3,36905.68,279.82
UK,Platinum,Terminal,2024-01,274,6,42344.89,710.1
UK,Platinum,Terminal,2024-02,240,3,33290.88,404.28999999999996
UK,Platinum,Terminal,2024-03,249,7,36777.06,882.3
UK,Platinum,Terminal,2024-04,232,1,32236.8,396.47
UK,Platinum,Terminal,2024-05,239,6,34235.84,1615.95
UK,Platinum,Terminal,2024-06,255,5,35603.51,1145.09
UK,Platinum,Terminal,2024-07,250,4,33977.23,434.65
UK,Platinum,Terminal,2024-08,258,5,39208.53,674.98
UK,Platinum,Terminal,2024-09,244,4,35558.93,392.89
UK,Platinum,Terminal,2024-10,274,4,38001.24,447.97
UK,Platinum,Terminal,2024-11,276,3,40907.98,314.49
UK,Platinum,Terminal,2024-12,234,9,33394.83,1257.22
UK,Platinum,Terminal,2025-01,279,7,38535.76,867.72
UK,Platinum,Terminal,2025-02,225,2,33613.41,95.78999999999999
UK,Platinum,Terminal,2025-03,284,4,41563.83,862.3199999999999
UK,Platinum,Terminal,2025-04,232,4,36666.42,576.15
UK,Platinum,Terminal,2025-05,239,4,35149.76,466.28000000000003
UK,Platinum,Terminal,2025-06,247,4,34189.1,244.93
UK,Platinum,Terminal,2025-07,253,4,35066.15,474.31
UK,Platinum,Terminal,2025-08,246,4,36767.3,384.77
UK,Platinum,Terminal,2025-09,231,5,31234.97,938.56
UK,Platinum,Web,2024-01,237,4,31924.35,624.28
UK,Platinum,Web,2024-02,271,4,36842.63,512.21
UK,Platinum,Web,2024-03,261,1,39286.6,138.46
UK,Platinum,Web,2024-04,248,2,37357.33,158.26
UK,Platinum,Web,2024-05,270,4,42217.13,279.23
UK,Platinum,Web,2024-06,246,0,33186.94,0.0
UK,Platinum,Web,2024-07,225,2,32384.18,570.02
UK,Platinum,Web,2024-08,269,4,36603.62,459.99
UK,Platinum,Web,2024-09,252,5,34222.74,424.45
UK,Platinum,Web,2024-10,275,4,41415.67,244.88
UK,Platinum,Web,2024-11,262,5,37513.71,583.48
UK,Platinum,Web,2024-12,234,4,32797.32,1191.6799999999998
UK,Platinum,Web,2025-01,260,4,36669.71,379.87
UK,Platinum,Web,2025-02,232,4,36059.0,200.32999999999998
UK,Platinum,Web,2025-03,260,5,36080.0,675.1899999999999
UK,Platinum,Web,2025-04,217,7,33393.35,892.96
UK,Platinum,Web,2025-05,273,2,39719.84,471.89
UK,Platinum,Web,2025-06,273,6,41871.83,1172.58
UK,Platinum,Web,2025-07,225,2,34629.03,607.8100000000001
UK,Platinum,Web,2025-08,262,4,36475.31,374.14
UK,Platinum,Web,2025-09,233,3,35534.22,610.28
USA,Credit,Mobile,2024-01,234,3,33812.94,419.94
USA,Credit,Mobile,2024-02,263,8,38539.37,1210.32
USA,Credit,Mobile,2024-03,267,2,41163.14,240.88
USA,Credit,Mobile,2024-04,230,8,33249.14,1062.86
USA,Credit,Mobile,2024-05,220,3,31306.56,328.67
USA,Credit,Mobile,2024-06,236,3,34565.26,386.9
USA,Credit,Mobile,2024-07,248,2,34119.05,278.02
USA,Credit,Mobile,2024-08,253,3,34258.66,323.28
USA,Credit,Mobile,2024-09,233,4,32096.87,296.83
USA,Credit,Mobile,2024-10,250,3,39171.5,237.73
USA,Credit,Mobile,2024-11,232,3,36772.86,298.94
USA,Credit,Mobile,2024-12,230,2,34514.49,774.0799999999999
USA,Credit,Mobile,2025-01,274,2,37489.81,240.09
USA,Credit,Mobile,2025-02,248,3,37735.19,255.18
USA,Credit,Mobile,2025-03,266,5,38845.74,452.03
USA,Credit,Mobile,2025-04,238,3,36840.08,304.6
USA,Credit,Mobile,2025-05,255,7,37632.21,591.5699999999999
USA,Credit,Mobile,2025-06,235,0,34316.96,0.0
USA,Credit,Mobile,2025-07,243,3,34746.63,300.61
USA,Credit,Mobile,2025-08,258,4,37702.37,1077.22
USA,Credit,Mobile,2025-09,257,1,34870.54,71.66
USA,Credit,Terminal,2024-01,275,1,41107.93,411.28
USA,Credit,Terminal,2024-02,250,5,37065.84,523.38
USA,Credit,Terminal,2024-03,223,1,34840.93,107.57
USA,Credit,Terminal,2024-04,276,8,40723.33,972.88
USA,Credit,Terminal,2024-05,240,5,35174.88,1084.24
USA,Credit,Terminal,2024-06,238,2,32850.86,229.16
USA,Credit,Terminal,2024-07,257,2,36303.52,253.39000000000001
USA,Credit,Terminal,2024-08,257,4,38221.590000000004,978.0200000000001
USA,Credit,Terminal,2024-09,255,2,35664.14,559.85
USA,Credit,Terminal,2024-10,239,3,33178.12,166.93
USA,Credit,Terminal,2024-11,240,3,36402.28,314.01
USA,Credit,Terminal,2024-12,238,2,31204.8,392.1
USA,Credit,Terminal,2025-01,235,4,32983.76,530.65
USA,Credit,Terminal,2025-02,177,4,26760.8,360.5
USA,Credit,Terminal,2025-03,243,7,37392.47,1372.59
USA,Credit,Terminal,2025-04,239,4,35376.24,866.16
USA,Credit,Terminal,2025-05,265,2,38474.1,172.12
USA,Credit,Terminal,2025-06,266,4,38059.07,337.87
USA,Credit,Terminal,2025-07,252,2,35773.35,398.24
USA,Credit,Terminal,2025-08,237,3,31999.34,287.4
USA,Credit,Terminal,2025-09,232,5,32731.26,617.56
USA,Credit,Web,2024-01,245,3,33080.5,213.88
USA,Credit,Web,2024-02,241,2,33756.65,86.21000000000001
USA,Credit,Web,2024-03,250,3,35885.92,637.46
USA,Credit,Web,2024-04,248,7,35381.09,1039.65
USA,Credit,Web,2024-05,260,3,33630.89,373.27
USA,Credit,Web,2024-06,251,4,37816.74,467.86
USA,Credit,Web,2024-07,242,2,33485.51,216.11
USA,Credit,Web,2024-08,267,5,37965.26,604.0999999999999
USA,Credit,Web,2024-09,253,2,35398.9,195.51
USA,Credit,Web,2024-10,255,3,35456.27,147.09
USA,Credit,Web,2024-11,232,3,33039.14,183.5
USA,Credit,Web,2024-12,290,5,43281.12,708.73
USA,Credit,Web,2025-01,247,2,34576.590000000004,113.3
USA,Credit,Web,2025-02,244,3,35627.16,419.65
USA,Credit,Web,2025-03,242,3,36329.53,237.64
USA,Credit,Web,2025-04,230,1,32688.07,35.65
USA,Credit,Web,2025-05,254,1,40293.520000000004,15.38
USA,Credit,Web,2025-06,262,8,37727.74,2080.96
USA,Credit,Web,2025-07,252,2,37982.62,213.46
USA,Credit,Web,2025-08,241,3,38015.81,366.89
USA,Credit,Web,2025-09,254,3,38164.22,257.42
USA,Debit,Mobile,2024-01,244,4,35220.59,374.06
USA,Debit,Mobile,2024-02,217,5,31619.69,800.69
USA,Debit,Mobile,2024-03,279,6,43929.11,915.24
USA,Debit,Mobile,2024-04,234,3,32014.09,500.63
USA,Debit,Mobile,2024-05,252,7,39261.63,1182.1
USA,Debit,Mobile,2024-06,249,5,39275.58,1074.37
USA,Debit,Mobile,2024-07,259,4,40954.21,314.55
USA,Debit,Mobile,2024-08,244,1,33117.48,61.55
USA,Debit,Mobile,2024-09,247,6,35451.65,892.53
USA,Debit,Mobile,2024-10,215,3,32021.420000000002,667.28
USA,Debit,Mobile,2024-11,217,2,30296.84,175.69
USA,Debit,Mobile,2024-12,249,5,40352.5,1303.6100000000001
USA,Debit,Mobile,2025-01,264,2,35274.85,758.98
USA,Debit,Mobile,2025-02,215,3,31690.67,382.36
USA,Debit,Mobile,2025-03,256,4,35641.03,1183.12
USA,Debit,Mobile,2025-04,229,7,32711.24,1245.4
USA,Debit,Mobile,2025-05,237,6,31745.56,627.86
USA,Debit,Mobile,2025-06,228,5,35934.37,667.36
USA,Debit,Mobile,2025-07,269,5,39371.17,437.68
USA,Debit,Mobile,2025-08,267,7,37234.09,1264.34
USA,Debit,Mobile,2025-09,229,5,35926.84,1098.37
USA,Debit,Terminal,2024-01,258,2,35926.88,129.85000000000002
USA,Debit,Terminal,2024-02,235,3,30614.58,699.73
USA,Debit,Terminal,2024-03,248,6,33627.64,1722.54
USA,Debit,Terminal,2024-04,249,0,33226.63,0.0
USA,Debit,Terminal,2024-05,243,3,36690.92,496.12
USA,Debit,Terminal,2024-06,242,5,34060.37,765.7099999999999
USA,Debit,Terminal,2024-07,267,6,38662.64,627.48
USA,Debit,Terminal,2024-08,253,1,39156.5,220.02
USA,Debit,Terminal,2024-09,270,1,39832.6,43.62
USA,Debit,Terminal,2024-10,272,1,41323.21,145.52
USA,Debit,Terminal,2024-11,230,2,34765.31,554.58
USA,Debit,Terminal,2024-12,255,4,37244.28,619.86
USA,Debit,Terminal,2025-01,242,2,37449.61,200.23
USA,Debit,Terminal,2025-02,214,5,31634.65,690.82
USA,Debit,Terminal,2025-03,233,3,31500.15,343.05
USA,Debit,Terminal,2025-04,263,6,37049.74,698.74
USA,Debit,Terminal,2025-05,256,4,36239.86,432.37
USA,Debit,Terminal,2025-06,253,5,38994.93,800.74
USA,Debit,Terminal,2025-07,241,3,34716.6,994.97
USA,Debit,Terminal,2025-08,239,1,33908.55,49.62
USA,Debit,Terminal,2025-09,201,2,32848.44,156.2
USA,Debit,Web,2024-01,243,2,36275.86,154.19
USA,Debit,Web,2024-02,235,3,32735.82,841.4799999999999
USA,Debit,Web,2024-03,251,5,38102.15,716.79
USA,Debit,Web,2024-04,250,3,35613.39,657.28
USA,Debit,Web,2024-05,250,4,37214.61,593.84
USA,Debit,Web,2024-06,237,3,34224.66,698.77
USA,Debit,Web,2024-07,252,5,34778.45,973.25
USA,Debit,Web,2024-08,243,6,35918.36,1289.22
USA,Debit,Web,2024-09,210,1,31211.84,104.2
USA,Debit,Web,2024-10,248,5,38249.24,330.38
USA,Debit,Web,2024-11,251,2,36397.56,205.32999999999998
USA,Debit,Web,2024-12,267,3,37665.7,689.13
USA,Debit,Web,2025-01,246,3,36097.5,286.22
USA,Debit,Web,2025-02,260,6,44545.2,561.76
USA,Debit,Web,2025-03,274,4,40969.7,1200.81
USA,Debit,Web,2025-04,235,1,33724.69,30.8
USA,Debit,Web,2025-05,257,4,35654.06,427.25
USA,Debit,Web,2025-06,234,4,33585.57,230.5
USA,Debit,Web,2025-07,275,4,39079.25,305.29
USA,Debit,Web,2025-08,269,3,37785.02,483.18
USA,Debit,Web,2025-09,260,9,35406.91,1067.33
USA,Gold,Mobile,2024-01,259,4,38587.03,671.5
USA,Gold,Mobile,2024-02,246,5,34965.01,988.45
USA,Gold,Mobile,2024-03,250,2,35962.67,225.69
USA,Gold,Mobile,2024-04,245,5,35646.53,470.57
USA,Gold,Mobile,2024-05,247,1,33496.340000000004,154.65
USA,Gold,Mobile,2024-06,231,1,34155.67,385.3
USA,Gold,Mobile,2024-07,225,3,32055.99,606.5600000000001
USA,Gold,Mobile,2024-08,257,3,35230.29,583.34
USA,Gold,Mobile,2024-09,255,2,38635.17,239.96
USA,Gold,Mobile,2024-10,260,6,39324.99,777.88
USA,Gold,Mobile,2024-11,242,5,33101.86,719.07
USA,Gold,Mobile,2024-12,259,3,38636.0,507.87
USA,Gold,Mobile,2025-01,242,8,32973.35,1378.03
USA,Gold,Mobile,2025-02,222,5,35262.49,1219.12
USA,Gold,Mobile,2025-03,249,6,34750.58,779.42
USA,Gold,Mobile,2025-04,242,2,36037.73,170.97
USA,Gold,Mobile,2025-05,258,4,40094.24,389.25
USA,Gold,Mobile,2025-06,221,4,33118.77,265.37
USA,Gold,Mobile,2025-07,273,5,38691.25,479.15
USA,Gold,Mobile,2025-08,265,1,37497.37,214.92
USA,Gold,Mobile,2025-09,241,3,31410.33,520.3599999999999
USA,Gold,Terminal,2024-01,268,3,36718.15,229.33
USA,Gold,Terminal,2024-02,216,0,36177.03,0.0
USA,Gold,Terminal,2024-03,243,2,35266.95,201.76999999999998
USA,Gold,Terminal,2024-04,249,2,36479.91,279.23
USA,Gold,Terminal,2024-05,257,6,38706.01,529.45
USA,Gold,Terminal,2024-06,224,3,30242.36,104.0
USA,Gold,Terminal,2024-07,259,3,36092.05,330.49
USA,Gold,Terminal,2024-08,266,1,36592.13,41.98
USA,Gold,Terminal,2024-09,239,7,37233.8,928.87
USA,Gold,Terminal,2024-10,258,1,38578.340000000004,117.56
USA,Gold,Terminal,2024-11,272,3,35892.78,394.28000000000003
USA,Gold,Terminal,2024-12,260,1,36158.33,172.58
USA,Gold,Terminal,2025-01,226,3,33163.96,251.68
USA,Gold,Terminal,2025-02,231,3,31782.9,574.85
USA,Gold,Terminal,2025-03,249,5,32897.69,641.55
USA,Gold,Terminal,2025-04,268,3,38294.27,466.01
USA,Gold,Terminal,2025-05,246,2,34708.48,474.9
USA,Gold,Terminal,2025-06,257,6,39570.88,836.93
USA,Gold,Terminal,2025-07,243,1,33628.77,12.91
USA,Gold,Terminal,2025-08,268,1,38661.86,58.01
USA,Gold,Terminal,2025-09,262,6,37454.23,540.84
USA,Gold,Web,2024-01,251,1,32951.92,141.47
USA,Gold,Web,2024-02,234,1,34347.93,378.1
USA,Gold,Web,2024-03,283,2,46163.83,448.58
USA,Gold,Web,2024-04,238,3,33779.8,266.78000000000003
USA,Gold,Web,2024-05,238,4,37642.0,1133.4
USA,Gold,Web,2024-06,229,3,34468.35,297.22
USA,Gold,Web,2024-07,255,7,33992.34,741.99
USA,Gold,Web,2024-08,265,5,33094.24,345.99
USA,Gold,Web,2024-09,249,5,36168.65,1098.29
USA,Gold,Web,2024-10,269,6,42081.59,1319.62
USA,Gold,Web,2024-11,225,3,33226.36,576.45
USA,Gold,Web,2024-12,261,7,37819.74,653.89
USA,Gold,Web,2025-01,256,4,35635.17,529.79
USA,Gold,Web,2025-02,234,2,34041.94,114.26
USA,Gold,Web,2025-03,244,1,38135.06,109.13
USA,Gold,Web,2025-04,242,4,35726.34,353.78000000000003
USA,Gold,Web,2025-05,220,3,30247.46,258.09000000000003
USA,Gold,Web,2025-06,265,0,37582.31,0.0
USA,Gold,Web,2025-07,249,5,39491.04,678.1500000000001
USA,Gold,Web,2025-08,253,7,33231.54,882.35
USA,Gold,Web,2025-09,225,3,31374.66,249.00000000000003
USA,Platinum,Mobile,2024-01,239,1,37649.81,395.75
USA,Platinum,Mobile,2024-02,219,2,30468.09,358.62
USA,Platinum,Mobile,2024-03,246,3,37802.68,200.49
USA,Platinum,Mobile,2024-04,260,1,38828.45,63.08
USA,Platinum,Mobile,2024-05,243,3,32208.8,224.43
USA,Platinum,Mobile,2024-06,262,4,36830.62,337.03
USA,Platinum,Mobile,2024-07,267,4,37991.09,1218.7800000000002
USA,Platinum,Mobile,2024-08,266,1,40015.29,53.56
USA,Platinum,Mobile,2024-09,271,5,40150.98,802.18
USA,Platinum,Mobile,2024-10,268,4,37472.95,495.34
USA,Platinum,Mobile,2024-11,232,2,33549.49,572.02
USA,Platinum,Mobile,2024-12,238,3,38084.23,498.39
USA,Platinum,Mobile,2025-01,247,3,36172.44,921.71
USA,Platinum,Mobile,2025-02,222,4,32742.75,508.77
USA,Platinum,Mobile,2025-03,250,6,36294.04,759.5699999999999
USA,Platinum,Mobile,2025-04,239,3,34897.01,256.73
USA,Platinum,Mobile,2025-05,266,4,37974.63,521.2
USA,Platinum,Mobile,2025-06,229,1,34603.7,68.41
USA,Platinum,Mobile,2025-07,251,4,37283.72,785.49
USA,Platinum,Mobile,2025-08,248,2,36249.55,330.04
USA,Platinum,Mobile,2025-09,216,2,34545.04,371.28
USA,Platinum,Terminal,2024-01,280,4,39809.45,754.67
USA,Platinum,Terminal,2024-02,221,1,30968.87,51.46
USA,Platinum,Terminal,2024-03,257,5,38888.99,432.45
USA,Platinum,Terminal,2024-04,252,3,35257.03,217.93
USA,Platinum,Terminal,2024-05,232,4,31128.25,752.71
USA,Platinum,Terminal,2024-06,260,4,33909.19,746.02
USA,Platinum,Terminal,2024-07,244,5,33137.44,768.22
USA,Platinum,Terminal,2024-08,256,5,37533.49,529.4499999999999
USA,Platinum,Terminal,2024-09,300,2,40758.16,637.34
USA,Platinum,Terminal,2024-10,251,3,37932.21,348.12
USA,Platinum,Terminal,2024-11,235,2,32842.98,96.07000000000001
USA,Platinum,Terminal,2024-12,241,8,34386.36,1276.14
USA,Platinum,Terminal,2025-01,231,0,37020.66,0.0
USA,Platinum,Terminal,2025-02,236,2,32860.97,188.95
USA,Platinum,Terminal,2025-03,261,3,36638.18,500.18
USA,Platinum,Terminal,2025-04,238,2,34145.69,229.89999999999998
USA,Platinum,Terminal,2025-05,239,4,32801.78,310.75
USA,Platinum,Terminal,2025-06,237,7,35753.52,1259.76
USA,Platinum,Terminal,2025-07,262,3,44077.36,414.16
USA,Platinum,Terminal,2025-08,255,1,35397.87,231.48
USA,Platinum,Terminal,2025-09,253,2,39157.38,130.63
USA,Platinum,Web,2024-01,244,1,36183.409999999996,29.08
USA,Platinum,Web,2024-02,227,4,33358.14,548.3
USA,Platinum,Web,2024-03,263,4,38134.0,468.15999999999997
USA,Platinum,Web,2024-04,251,3,38239.81,620.25
USA,Platinum,Web,2024-05,260,7,37505.71,1517.26
USA,Platinum,Web,2024-06,253,6,39420.21,1005.09
USA,Platinum,Web,2024-07,236,6,33982.36,743.12
USA,Platinum,Web,2024-08,243,8,36725.51,1430.42
USA,Platinum,Web,2024-09,228,3,34722.35,408.77
USA,Platinum,Web,2024-10,247,2,32549.4,79.78
USA,Platinum,Web,2024-11,229,2,32546.2,308.1
USA,Platinum,Web,2024-12,236,5,31103.8,737.05
USA,Platinum,Web,2025-01,262,4,36672.77,410.49
USA,Platinum,Web,2025-02,227,2,31333.09,143.64
USA,Platinum,Web,2025-03,262,2,38792.33,280.61
USA,Platinum,Web,2025-04,217,2,30545.97,255.57999999999998
USA,Platinum,Web,2025-05,260,4,35823.840000000004,1186.48
USA,Platinum,Web,2025-06,235,1,34170.58,421.62
USA,Platinum,Web,2025-07,243,5,33550.67,967.95
USA,Platinum,Web,2025-08,283,4,45424.96,706.15
USA,Platinum,Web,2025-09,230,7,34853.69,775.88
